x,y,z
0.0,0.0,0.0
1,24638,"310
"
2,23,"310
"
3,29,"310
"
4,27,"310
"
5,22,"310
"
5,39240,"349
"
6,22,"349
"
7,25,"349
"
8,29,"349
"
9,34,"349
"
10,22,"349
"
11,1101,"350
"
12,29,"350
"
13,24,"350
"
14,30,"350
"
15,30,"350
"
16,20,"350
"
17,523,"351
"
18,28,"351
"
19,27,"351
"
20,32,"351
"
21,28,"351
"
17,46025,"397
"
18,24,"397
"
19,21,"397
"
20,25,"397
"
21,25,"397
"
22,24,"397
"
23,21,"397
"
24,1629,"399
"
25,26,"399
"
26,26,"399
"
27,27,"399
"
28,32,"399
"
29,30,"399
"
30,938,"400
"
31,27,"400
"
32,25,"400
"
33,32,"400
"
34,27,"400
"
35,31,"400
"
36,28,"400
"
37,22,"400
"
38,27,"400
"
39,30,"400
"
40,23,"400
"
41,27,"400
"
42,31,"400
"
43,23,"400
"
44,29,"400
"
45,30,"400
"
46,34,"400
"
47,23,"400
"
48,23,"400
"
49,20,"400
"
50,18,"400
"
51,23,"400
"
52,22,"400
"
53,29,"401
"
54,33,"401
"
55,24,"401
"
56,31,"401
"
57,28,"401
"
58,27,"401
"
59,33,"401
"
60,23,"401
"
61,33,"401
"
62,27,"401
"
63,26,"401
"
64,24,"401
"
65,33,"401
"
66,34,"401
"
67,28,"401
"
68,32,"401
"
69,29,"401
"
70,27,"401
"
71,22,"401
"
72,28,"401
"
73,34,"401
"
74,26,"401
"
75,29,"401
"
76,30,"401
"
77,31,"401
"
78,26,"401
"
79,34,"401
"
80,31,"401
"
81,30,"401
"
82,30,"401
"
83,34,"401
"
84,29,"401
"
85,32,"401
"
86,34,"401
"
87,30,"402
"
88,22,"402
"
89,28,"402
"
90,30,"402
"
91,34,"402
"
92,35,"402
"
93,37,"402
"
94,26,"402
"
95,35,"402
"
96,33,"402
"
97,29,"402
"
98,23,"402
"
99,27,"402
"
100,28,"402
"
101,31,"402
"
102,25,"402
"
103,31,"402
"
104,34,"402
"
105,25,"402
"
106,25,"402
"
107,30,"402
"
108,29,"402
"
109,21,"402
"
110,34,"402
"
111,30,"402
"
112,31,"402
"
113,25,"402
"
114,29,"402
"
115,28,"402
"
116,28,"402
"
117,25,"402
"
118,30,"402
"
119,31,"402
"
120,26,"402
"
121,22,"402
"
122,24,"403
"
123,30,"403
"
124,32,"403
"
125,32,"403
"
126,30,"403
"
127,24,"403
"
128,37,"403
"
129,30,"403
"
130,32,"403
"
131,36,"403
"
132,28,"403
"
133,33,"403
"
134,25,"403
"
135,34,"403
"
136,30,"403
"
137,28,"403
"
138,32,"403
"
139,29,"403
"
140,31,"403
"
141,33,"403
"
142,28,"403
"
143,31,"403
"
144,24,"403
"
145,30,"403
"
146,26,"403
"
147,27,"403
"
148,35,"403
"
149,36,"403
"
150,27,"403
"
151,30,"403
"
152,23,"403
"
153,26,"403
"
154,31,"403
"
155,32,"404
"
156,32,"404
"
157,33,"404
"
158,32,"404
"
159,32,"404
"
160,30,"404
"
161,21,"404
"
162,33,"404
"
163,31,"404
"
164,30,"404
"
165,32,"404
"
166,25,"404
"
167,28,"404
"
168,28,"404
"
169,32,"404
"
170,30,"404
"
171,29,"404
"
172,36,"404
"
173,30,"404
"
174,30,"404
"
175,23,"404
"
176,29,"404
"
177,27,"404
"
178,28,"404
"
179,33,"404
"
180,3091,"407
"
181,31,"407
"
182,27,"407
"
183,31,"407
"
184,25,"407
"
185,29,"407
"
186,1053,"409
"
187,31,"409
"
188,36,"409
"
189,25,"409
"
190,32,"409
"
191,30,"409
"
192,23,"409
"
187,1415,"410
"
188,34,"410
"
189,35,"410
"
190,23,"410
"
191,23,"410
"
192,24,"410
"
192,31,"410
"
183,1703,"412
"
184,32,"412
"
185,34,"412
"
186,26,"412
"
187,32,"412
"
188,28,"412
"
189,784,"413
"
190,28,"413
"
191,27,"413
"
192,32,"413
"
193,35,"413
"
194,25,"413
"
195,29,"413
"
196,719,"414
"
197,26,"414
"
198,31,"414
"
199,28,"414
"
200,31,"414
"
201,27,"414
"
202,31,"414
"
203,24,"414
"
204,28,"414
"
205,26,"414
"
206,31,"414
"
207,26,"414
"
208,28,"414
"
209,27,"414
"
210,28,"414
"
211,34,"414
"
212,29,"414
"
213,29,"414
"
214,27,"414
"
215,30,"414
"
216,32,"414
"
217,32,"414
"
218,28,"414
"
219,36,"414
"
220,35,"415
"
221,25,"415
"
222,32,"415
"
223,30,"415
"
224,31,"415
"
225,24,"415
"
226,27,"415
"
227,34,"415
"
228,33,"415
"
229,23,"415
"
230,31,"415
"
231,34,"415
"
232,28,"415
"
233,33,"415
"
234,23,"415
"
235,33,"415
"
236,28,"415
"
237,27,"415
"
238,24,"415
"
239,25,"415
"
240,35,"415
"
241,27,"415
"
242,21,"415
"
243,26,"415
"
244,34,"415
"
245,30,"415
"
246,30,"415
"
247,28,"415
"
248,24,"415
"
249,35,"415
"
250,26,"415
"
251,32,"415
"
252,34,"415
"
253,29,"415
"
254,31,"415
"
255,35,"416
"
256,34,"416
"
257,32,"416
"
258,35,"416
"
259,33,"416
"
260,36,"416
"
261,28,"416
"
262,26,"416
"
263,36,"416
"
264,23,"416
"
265,30,"416
"
266,26,"416
"
267,6775,"423
"
268,29,"423
"
269,34,"423
"
270,26,"423
"
271,35,"423
"
272,27,"423
"
273,30,"423
"
274,29,"423
"
275,569,"423
"
276,26,"423
"
277,30,"423
"
278,35,"424
"
279,32,"424
"
280,33,"424
"
281,27,"424
"
282,710,"424
"
283,31,"424
"
284,25,"424
"
285,31,"424
"
286,29,"424
"
287,33,"424
"
288,28,"424
"
289,830,"425
"
290,23,"425
"
291,36,"425
"
292,36,"425
"
293,24,"425
"
294,28,"425
"
295,27,"425
"
296,722,"426
"
297,26,"426
"
298,29,"426
"
299,28,"426
"
300,24,"426
"
301,29,"426
"
302,26,"426
"
303,803,"427
"
304,32,"427
"
305,24,"427
"
306,36,"427
"
307,33,"427
"
308,27,"427
"
309,28,"427
"
310,796,"428
"
311,34,"428
"
312,30,"428
"
313,33,"428
"
314,36,"428
"
315,23,"428
"
316,33,"428
"
317,23,"428
"
318,844,"429
"
319,25,"429
"
320,32,"429
"
321,28,"429
"
322,26,"429
"
323,33,"429
"
324,30,"429
"
325,32,"429
"
326,31,"429
"
327,21,"429
"
328,1039,"431
"
329,27,"431
"
330,33,"431
"
331,33,"431
"
332,22,"431
"
333,37,"431
"
334,21,"431
"
335,1218,"432
"
336,33,"432
"
337,23,"432
"
338,30,"432
"
339,23,"432
"
340,36,"432
"
341,29,"432
"
342,23,"432
"
343,29,"432
"
344,671,"433
"
345,29,"433
"
346,28,"433
"
347,33,"433
"
348,34,"433
"
349,29,"433
"
350,32,"433
"
351,26,"433
"
352,28,"433
"
353,28,"433
"
354,788,"434
"
355,25,"434
"
356,33,"434
"
357,30,"434
"
358,27,"434
"
359,463,"434
"
360,29,"434
"
361,36,"434
"
362,23,"435
"
363,35,"435
"
364,25,"435
"
365,211,"435
"
366,26,"435
"
367,28,"435
"
368,23,"435
"
369,23,"435
"
370,170,"435
"
371,23,"435
"
372,26,"435
"
373,36,"435
"
374,29,"435
"
375,20,"435
"
376,134,"435
"
377,25,"435
"
378,30,"435
"
379,31,"435
"
380,31,"435
"
381,32,"435
"
382,170,"436
"
383,24,"436
"
384,33,"436
"
385,30,"436
"
386,30,"436
"
387,501,"436
"
388,26,"436
"
389,31,"436
"
390,28,"436
"
391,32,"436
"
392,2292,"439
"
393,28,"439
"
394,36,"439
"
395,32,"439
"
396,27,"439
"
397,30,"439
"
398,27,"439
"
399,721,"440
"
400,28,"440
"
401,24,"440
"
402,28,"440
"
403,23,"440
"
404,27,"440
"
405,25,"440
"
406,658,"440
"
407,29,"440
"
408,25,"440
"
409,34,"440
"
410,36,"441
"
411,30,"441
"
412,29,"441
"
413,32,"441
"
414,34,"441
"
415,28,"441
"
416,34,"441
"
417,36,"441
"
418,24,"441
"
419,34,"441
"
420,26,"441
"
421,24,"441
"
422,34,"441
"
423,25,"441
"
424,31,"441
"
425,26,"441
"
426,31,"441
"
427,30,"441
"
428,32,"441
"
429,31,"441
"
430,30,"441
"
431,23,"441
"
432,24,"441
"
433,37,"441
"
434,33,"441
"
435,31,"441
"
436,33,"441
"
437,34,"441
"
438,33,"441
"
439,30,"441
"
440,29,"441
"
441,31,"441
"
442,28,"441
"
443,30,"442
"
444,29,"442
"
445,28,"442
"
446,33,"442
"
447,33,"442
"
448,29,"442
"
449,33,"442
"
450,32,"442
"
451,29,"442
"
452,24,"442
"
453,26,"442
"
454,31,"442
"
455,33,"442
"
456,27,"442
"
457,29,"442
"
458,30,"442
"
459,25,"442
"
460,35,"442
"
461,31,"442
"
462,24,"442
"
463,36,"442
"
464,29,"442
"
465,30,"442
"
466,23,"442
"
467,30,"442
"
468,33,"442
"
469,34,"442
"
470,23,"442
"
471,34,"442
"
472,28,"442
"
473,25,"442
"
474,35,"442
"
475,37,"442
"
476,27,"442
"
477,36,"443
"
478,28,"443
"
479,32,"443
"
480,35,"443
"
481,31,"443
"
482,29,"443
"
483,32,"443
"
484,31,"443
"
485,34,"443
"
486,27,"443
"
487,31,"443
"
488,34,"443
"
489,29,"443
"
490,32,"443
"
491,29,"443
"
492,27,"443
"
493,31,"443
"
494,34,"443
"
495,35,"443
"
496,32,"443
"
497,30,"443
"
498,35,"443
"
499,24,"443
"
500,34,"443
"
501,34,"443
"
502,29,"443
"
503,30,"443
"
504,28,"443
"
505,35,"443
"
506,28,"443
"
507,32,"443
"
508,31,"443
"
509,27,"444
"
510,31,"444
"
511,33,"444
"
512,29,"444
"
513,33,"444
"
514,1623,"445
"
515,31,"445
"
516,24,"445
"
517,23,"445
"
518,35,"445
"
519,27,"445
"
520,876,"446
"
521,26,"446
"
522,30,"446
"
523,32,"446
"
524,32,"446
"
525,999,"447
"
526,28,"447
"
527,33,"447
"
528,35,"448
"
529,34,"448
"
530,32,"448
"
531,21,"448
"
532,772,"448
"
533,31,"448
"
534,33,"448
"
535,31,"448
"
536,27,"448
"
537,28,"449
"
538,606,"449
"
539,29,"449
"
540,38,"449
"
541,29,"449
"
542,30,"449
"
543,26,"449
"
544,31,"449
"
545,635,"450
"
546,31,"450
"
547,34,"450
"
548,34,"450
"
549,27,"450
"
550,271,"450
"
551,24,"450
"
552,26,"450
"
553,328,"451
"
554,30,"451
"
555,34,"451
"
556,25,"451
"
557,209,"451
"
558,31,"451
"
559,27,"451
"
560,24,"451
"
561,28,"451
"
562,170,"451
"
563,31,"451
"
564,37,"451
"
565,30,"451
"
566,38,"451
"
567,167,"452
"
568,24,"452
"
569,37,"452
"
570,29,"452
"
571,30,"452
"
572,34,"452
"
573,37,"452
"
574,30,"452
"
575,33,"452
"
576,34,"452
"
577,27,"452
"
578,36,"452
"
579,37,"452
"
580,32,"452
"
581,31,"452
"
582,33,"452
"
583,33,"452
"
584,30,"452
"
585,31,"452
"
586,25,"452
"
587,27,"452
"
588,35,"452
"
589,26,"452
"
583,6000,"458
"
584,35,"458
"
585,422,"459
"
586,30,"459
"
587,39,"459
"
587,27,"459
"
587,36,"459
"
587,34,"459
"
587,29,"459
"
586,38,"459
"
587,33,"459
"
588,31,"459
"
589,31,"459
"
590,30,"459
"
591,34,"459
"
592,35,"459
"
593,24,"459
"
594,24,"459
"
595,33,"459
"
596,28,"459
"
597,31,"459
"
598,30,"459
"
599,36,"459
"
600,23,"459
"
601,35,"459
"
602,30,"459
"
603,24,"459
"
604,31,"460
"
605,36,"460
"
606,30,"460
"
607,27,"460
"
608,26,"460
"
609,32,"460
"
610,30,"460
"
611,35,"460
"
612,32,"460
"
613,28,"460
"
614,35,"460
"
615,27,"460
"
616,27,"460
"
617,25,"460
"
616,36,"460
"
616,40,"460
"
616,26,"460
"
616,29,"460
"
616,37,"460
"
615,35,"460
"
615,38,"460
"
615,25,"460
"
615,31,"460
"
615,30,"460
"
614,36,"460
"
614,29,"460
"
614,33,"460
"
614,29,"460
"
614,28,"460
"
614,32,"460
"
613,32,"460
"
613,30,"460
"
612,35,"461
"
612,34,"461
"
612,36,"461
"
612,25,"461
"
612,32,"461
"
612,35,"461
"
611,38,"461
"
611,30,"461
"
611,33,"461
"
611,39,"461
"
610,38,"461
"
610,33,"461
"
610,36,"461
"
610,35,"461
"
610,33,"461
"
609,35,"461
"
609,34,"461
"
609,26,"461
"
609,38,"461
"
609,34,"461
"
609,35,"461
"
609,27,"461
"
609,33,"461
"
609,31,"461
"
609,36,"461
"
608,39,"461
"
608,36,"461
"
608,38,"461
"
608,33,"461
"
608,39,"462
"
607,34,"462
"
607,39,"462
"
607,37,"462
"
607,27,"462
"
607,30,"462
"
607,39,"462
"
607,32,"462
"
607,35,"462
"
607,31,"462
"
606,35,"462
"
606,38,"462
"
606,34,"462
"
606,35,"462
"
606,29,"462
"
606,32,"462
"
606,31,"462
"
605,37,"462
"
605,39,"462
"
605,26,"462
"
605,32,"462
"
605,35,"462
"
604,36,"462
"
604,40,"462
"
604,33,"462
"
604,33,"462
"
603,36,"462
"
603,38,"462
"
603,32,"462
"
602,36,"463
"
602,36,"463
"
602,32,"463
"
602,36,"463
"
602,35,"463
"
601,32,"463
"
601,36,"463
"
601,36,"463
"
601,31,"463
"
601,30,"463
"
601,35,"463
"
601,33,"463
"
601,31,"463
"
601,33,"463
"
601,28,"463
"
601,34,"463
"
601,34,"463
"
601,31,"463
"
600,40,"463
"
600,39,"463
"
600,36,"463
"
600,32,"463
"
600,29,"463
"
599,38,"463
"
599,29,"463
"
599,41,"463
"
599,32,"463
"
599,37,"463
"
598,32,"463
"
599,26,"463
"
536,10471,"474
"
532,127,"474
"
496,1068,"475
"
495,79,"475
"
495,32,"475
"
495,33,"475
"
494,30,"475
"
477,1396,"477
"
478,52,"477
"
479,34,"477
"
480,32,"477
"
481,35,"477
"
482,25,"477
"
483,33,"477
"
484,34,"477
"
485,29,"477
"
486,1459,"478
"
487,33,"478
"
488,33,"479
"
489,28,"479
"
490,36,"479
"
491,25,"479
"
492,25,"479
"
493,816,"479
"
494,25,"479
"
495,32,"479
"
496,30,"480
"
497,28,"480
"
498,33,"480
"
499,30,"480
"
500,34,"480
"
501,31,"480
"
502,33,"480
"
503,30,"480
"
504,26,"480
"
505,34,"480
"
506,24,"480
"
507,29,"480
"
508,34,"480
"
509,34,"480
"
510,27,"480
"
511,921,"481
"
512,26,"481
"
513,29,"481
"
514,32,"481
"
515,24,"481
"
516,24,"481
"
517,503,"482
"
518,29,"482
"
519,28,"482
"
520,29,"482
"
521,24,"482
"
522,249,"482
"
523,31,"482
"
524,26,"482
"
525,31,"482
"
526,31,"482
"
527,209,"482
"
528,28,"482
"
529,34,"482
"
530,31,"482
"
531,33,"482
"
532,30,"482
"
533,27,"482
"
519,1500,"484
"
520,52,"484
"
521,28,"484
"
522,319,"484
"
523,23,"484
"
523,32,"484
"
518,324,"485
"
519,33,"485
"
520,27,"485
"
521,408,"485
"
522,31,"485
"
523,32,"485
"
517,316,"486
"
518,40,"486
"
519,32,"486
"
520,25,"486
"
521,589,"486
"
521,30,"486
"
521,35,"486
"
521,30,"486
"
521,33,"486
"
521,30,"486
"
520,141,"486
"
521,34,"487
"
522,38,"487
"
523,25,"487
"
524,30,"487
"
525,132,"487
"
526,32,"487
"
527,33,"487
"
528,23,"487
"
529,32,"487
"
530,199,"487
"
531,30,"487
"
532,30,"487
"
533,37,"487
"
533,26,"487
"
533,32,"487
"
533,31,"487
"
533,35,"487
"
533,28,"487
"
533,26,"487
"
533,40,"487
"
534,36,"487
"
535,29,"487
"
536,26,"487
"
537,21,"487
"
538,37,"488
"
539,26,"488
"
540,35,"488
"
541,31,"488
"
542,32,"488
"
543,34,"488
"
544,33,"488
"
545,32,"488
"
546,39,"488
"
547,27,"488
"
548,32,"488
"
549,36,"488
"
550,32,"488
"
551,31,"488
"
552,38,"488
"
553,28,"488
"
554,33,"488
"
555,32,"488
"
556,34,"488
"
557,33,"488
"
557,29,"488
"
557,24,"488
"
557,33,"488
"
557,34,"488
"
557,27,"488
"
557,26,"488
"
557,34,"488
"
557,32,"488
"
558,33,"488
"
559,30,"488
"
560,27,"488
"
561,33,"489
"
562,32,"489
"
563,30,"489
"
564,36,"489
"
565,26,"489
"
566,33,"489
"
567,26,"489
"
568,31,"489
"
569,32,"489
"
570,30,"489
"
571,31,"489
"
572,28,"489
"
573,29,"489
"
574,28,"489
"
575,27,"489
"
576,35,"489
"
577,26,"489
"
578,33,"489
"
579,30,"489
"
580,31,"489
"
581,31,"489
"
582,35,"489
"
583,32,"489
"
583,34,"489
"
583,35,"489
"
583,33,"489
"
583,30,"489
"
583,32,"489
"
583,38,"489
"
582,37,"489
"
582,32,"489
"
582,37,"489
"
583,33,"490
"
584,23,"490
"
585,34,"490
"
586,27,"490
"
587,28,"490
"
588,36,"490
"
589,28,"490
"
590,33,"490
"
591,31,"490
"
592,34,"490
"
593,35,"490
"
594,29,"490
"
595,34,"490
"
596,32,"490
"
597,32,"490
"
598,30,"490
"
599,32,"490
"
600,35,"490
"
601,32,"490
"
602,24,"490
"
603,35,"490
"
604,25,"490
"
605,32,"490
"
606,27,"490
"
607,33,"490
"
608,34,"490
"
609,24,"490
"
610,34,"490
"
611,32,"490
"
612,31,"490
"
613,38,"490
"
614,32,"490
"
614,28,"491
"
614,38,"491
"
614,33,"491
"
614,32,"491
"
614,34,"491
"
613,31,"491
"
614,37,"491
"
615,36,"491
"
616,32,"491
"
617,34,"491
"
618,35,"491
"
619,31,"491
"
620,31,"491
"
621,33,"491
"
622,34,"491
"
623,29,"491
"
624,27,"491
"
625,27,"491
"
626,27,"491
"
627,30,"491
"
628,35,"491
"
629,33,"491
"
630,30,"491
"
631,27,"491
"
632,34,"491
"
633,25,"491
"
634,28,"491
"
635,35,"491
"
636,25,"491
"
637,36,"491
"
638,31,"491
"
639,30,"492
"
640,27,"492
"
641,23,"492
"
642,33,"492
"
643,36,"492
"
644,24,"492
"
645,34,"492
"
646,26,"492
"
647,36,"492
"
648,33,"492
"
649,30,"492
"
650,36,"492
"
651,30,"492
"
652,34,"492
"
652,35,"492
"
651,27,"492
"
651,38,"492
"
651,38,"492
"
651,29,"492
"
650,37,"492
"
650,37,"492
"
651,30,"492
"
652,34,"492
"
653,23,"492
"
408,20554,"513
"
409,410,"513
"
410,30,"513
"
411,31,"513
"
412,32,"513
"
413,26,"513
"
414,29,"513
"
415,23,"513
"
416,31,"513
"
417,30,"513
"
418,32,"513
"
419,30,"513
"
420,33,"514
"
421,33,"514
"
422,37,"514
"
423,28,"514
"
424,29,"514
"
425,34,"514
"
426,30,"514
"
427,34,"514
"
428,28,"514
"
429,33,"514
"
430,35,"514
"
431,26,"514
"
432,36,"514
"
433,34,"514
"
434,33,"514
"
435,29,"514
"
436,34,"514
"
437,29,"514
"
438,32,"514
"
439,32,"514
"
440,34,"514
"
441,23,"514
"
442,32,"514
"
443,33,"514
"
444,29,"514
"
445,32,"514
"
446,30,"514
"
447,30,"514
"
448,30,"514
"
449,31,"514
"
450,26,"514
"
451,24,"514
"
452,35,"515
"
453,33,"515
"
454,31,"515
"
455,26,"515
"
456,32,"515
"
457,28,"515
"
458,25,"515
"
459,31,"515
"
460,34,"515
"
461,32,"515
"
462,27,"515
"
463,32,"515
"
464,27,"515
"
465,32,"515
"
466,31,"515
"
467,32,"515
"
468,23,"515
"
469,37,"515
"
470,24,"515
"
471,34,"515
"
472,26,"515
"
473,25,"515
"
474,34,"515
"
475,26,"515
"
476,30,"515
"
477,31,"515
"
478,28,"515
"
479,32,"515
"
480,29,"515
"
481,30,"515
"
482,29,"515
"
483,37,"515
"
484,35,"515
"
485,28,"516
"
486,32,"516
"
487,35,"516
"
488,27,"516
"
489,35,"516
"
490,32,"516
"
491,29,"516
"
492,33,"516
"
493,34,"516
"
494,28,"516
"
495,24,"516
"
496,34,"516
"
497,33,"516
"
498,31,"516
"
499,32,"516
"
500,28,"516
"
501,32,"516
"
502,27,"516
"
503,32,"516
"
504,30,"516
"
505,26,"516
"
506,33,"516
"
507,26,"516
"
508,28,"516
"
509,26,"516
"
510,34,"516
"
511,24,"516
"
512,33,"516
"
513,27,"516
"
514,23,"516
"
515,21,"516
"
516,26,"516
"
517,31,"516
"
518,30,"516
"
519,32,"517
"
520,28,"517
"
521,30,"517
"
522,25,"517
"
523,33,"517
"
524,32,"517
"
525,33,"517
"
526,34,"517
"
527,35,"517
"
528,33,"517
"
529,31,"517
"
530,33,"517
"
531,36,"517
"
532,27,"517
"
533,26,"517
"
534,31,"517
"
535,28,"517
"
536,31,"517
"
537,33,"517
"
538,34,"517
"
539,33,"517
"
540,36,"517
"
541,31,"517
"
542,37,"517
"
543,36,"517
"
544,36,"517
"
545,28,"517
"
546,38,"517
"
547,36,"517
"
548,32,"517
"
549,35,"517
"
550,37,"518
"
551,33,"518
"
552,27,"518
"
553,33,"518
"
554,31,"518
"
555,31,"518
"
556,32,"518
"
557,39,"518
"
558,32,"518
"
559,23,"518
"
560,33,"518
"
561,27,"518
"
562,24,"518
"
563,33,"518
"
564,36,"518
"
565,37,"518
"
566,31,"518
"
567,32,"518
"
568,30,"518
"
569,34,"518
"
570,27,"518
"
571,33,"518
"
572,35,"518
"
573,31,"518
"
574,26,"518
"
574,33,"518
"
574,37,"518
"
575,27,"518
"
576,36,"518
"
577,31,"518
"
578,36,"518
"
579,32,"519
"
580,31,"519
"
581,32,"519
"
582,37,"519
"
583,31,"519
"
584,29,"519
"
585,31,"519
"
586,27,"519
"
586,33,"519
"
586,25,"519
"
586,33,"519
"
586,31,"519
"
586,34,"519
"
586,34,"519
"
586,38,"519
"
586,29,"519
"
586,37,"519
"
586,35,"519
"
586,32,"519
"
586,36,"519
"
586,37,"519
"
586,32,"519
"
585,35,"519
"
585,33,"519
"
585,36,"519
"
585,28,"519
"
585,36,"519
"
585,35,"519
"
584,40,"519
"
584,36,"519
"
584,33,"520
"
584,37,"520
"
584,34,"520
"
584,30,"520
"
583,38,"520
"
583,37,"520
"
583,29,"520
"
583,35,"520
"
583,33,"520
"
583,32,"520
"
583,33,"520
"
583,40,"520
"
582,31,"520
"
583,29,"520
"
583,35,"520
"
583,33,"520
"
582,38,"520
"
582,36,"520
"
582,35,"520
"
582,35,"520
"
582,34,"520
"
582,32,"520
"
582,37,"520
"
582,33,"520
"
582,32,"520
"
582,35,"520
"
582,33,"520
"
581,34,"520
"
581,32,"520
"
543,1353,"522
"
541,87,"522
"
541,40,"522
"
541,28,"522
"
541,28,"522
"
541,32,"522
"
541,32,"522
"
542,29,"522
"
542,21,"522
"
542,29,"522
"
542,33,"522
"
542,26,"522
"
542,33,"522
"
542,34,"522
"
543,31,"522
"
543,28,"522
"
543,34,"522
"
543,29,"522
"
543,37,"522
"
543,31,"522
"
543,23,"522
"
543,29,"523
"
543,38,"523
"
543,34,"523
"
543,33,"523
"
543,34,"523
"
543,37,"523
"
543,34,"523
"
543,34,"523
"
543,32,"523
"
543,28,"523
"
544,34,"523
"
544,24,"523
"
544,27,"523
"
544,36,"523
"
544,33,"523
"
544,26,"523
"
544,35,"523
"
544,39,"523
"
544,29,"523
"
544,34,"523
"
544,36,"523
"
544,30,"523
"
544,34,"523
"
544,34,"523
"
544,34,"523
"
544,35,"523
"
544,32,"523
"
544,32,"523
"
544,33,"523
"
544,33,"523
"
544,39,"523
"
545,31,"524
"
546,33,"524
"
547,35,"524
"
548,34,"524
"
549,33,"524
"
550,35,"524
"
551,28,"524
"
552,28,"524
"
553,34,"524
"
554,28,"524
"
555,34,"524
"
556,34,"524
"
557,26,"524
"
558,36,"524
"
559,32,"524
"
560,30,"524
"
561,24,"524
"
562,30,"524
"
563,30,"524
"
564,25,"524
"
565,32,"524
"
566,35,"524
"
567,31,"524
"
568,37,"524
"
569,28,"524
"
570,30,"524
"
571,37,"524
"
572,28,"524
"
573,27,"524
"
574,32,"524
"
575,32,"524
"
576,31,"524
"
577,25,"525
"
578,35,"525
"
579,30,"525
"
580,36,"525
"
581,32,"525
"
582,31,"525
"
583,35,"525
"
584,38,"525
"
585,28,"525
"
586,35,"525
"
587,37,"525
"
588,36,"525
"
589,31,"525
"
590,32,"525
"
591,26,"525
"
592,36,"525
"
593,34,"525
"
594,28,"525
"
595,31,"525
"
596,28,"525
"
597,40,"525
"
598,30,"525
"
599,28,"525
"
600,34,"525
"
601,37,"525
"
602,30,"525
"
603,30,"525
"
604,32,"525
"
605,32,"525
"
606,28,"525
"
607,35,"525
"
608,34,"526
"
609,32,"526
"
610,35,"526
"
611,26,"526
"
612,27,"526
"
613,28,"526
"
614,30,"526
"
615,34,"526
"
616,33,"526
"
617,25,"526
"
618,33,"526
"
619,29,"526
"
620,34,"526
"
621,35,"526
"
622,27,"526
"
623,24,"526
"
624,36,"526
"
625,34,"526
"
626,36,"526
"
627,31,"526
"
628,28,"526
"
629,31,"526
"
630,30,"526
"
631,36,"526
"
632,27,"526
"
633,36,"526
"
634,25,"526
"
635,22,"526
"
636,35,"526
"
637,28,"526
"
638,31,"526
"
639,29,"526
"
640,33,"527
"
641,27,"527
"
642,27,"527
"
643,33,"527
"
644,24,"527
"
645,23,"527
"
646,28,"527
"
647,32,"527
"
648,23,"527
"
649,27,"527
"
650,30,"527
"
651,32,"527
"
652,29,"527
"
653,32,"527
"
654,30,"527
"
655,31,"527
"
656,28,"527
"
657,29,"527
"
658,35,"527
"
659,26,"527
"
660,28,"527
"
661,30,"527
"
662,34,"527
"
663,24,"527
"
664,34,"527
"
665,36,"527
"
666,33,"527
"
667,38,"527
"
668,28,"527
"
669,31,"527
"
670,24,"527
"
671,34,"527
"
672,32,"527
"
673,29,"527
"
674,29,"528
"
675,33,"528
"
676,36,"528
"
677,34,"528
"
678,34,"528
"
679,31,"528
"
680,37,"528
"
681,29,"528
"
682,37,"528
"
683,35,"528
"
684,31,"528
"
685,33,"528
"
686,37,"528
"
687,35,"528
"
688,29,"528
"
689,37,"528
"
690,35,"528
"
691,30,"528
"
692,37,"528
"
693,33,"528
"
694,35,"528
"
695,34,"528
"
696,32,"528
"
697,34,"528
"
698,32,"528
"
699,29,"528
"
700,30,"528
"
701,27,"528
"
702,29,"528
"
703,34,"528
"
704,36,"529
"
705,32,"529
"
706,36,"529
"
707,31,"529
"
708,38,"529
"
709,35,"529
"
710,23,"529
"
711,37,"529
"
712,34,"529
"
713,39,"529
"
714,25,"529
"
715,34,"529
"
716,31,"529
"
717,37,"529
"
718,34,"529
"
719,35,"529
"
720,33,"529
"
721,37,"529
"
722,30,"529
"
723,39,"529
"
724,31,"529
"
725,32,"529
"
726,33,"529
"
727,34,"529
"
728,29,"529
"
729,23,"529
"
730,37,"529
"
731,30,"529
"
732,31,"529
"
733,28,"529
"
734,32,"529
"
735,32,"530
"
736,29,"530
"
737,36,"530
"
738,26,"530
"
739,26,"530
"
740,32,"530
"
741,33,"530
"
742,32,"530
"
743,33,"530
"
744,30,"530
"
745,33,"530
"
746,35,"530
"
747,30,"530
"
748,33,"530
"
749,31,"530
"
750,31,"530
"
751,34,"530
"
752,32,"530
"
753,33,"530
"
754,34,"530
"
755,25,"530
"
756,29,"530
"
757,32,"530
"
758,36,"530
"
759,37,"530
"
760,32,"530
"
761,30,"530
"
762,28,"530
"
763,35,"530
"
764,38,"530
"
765,32,"530
"
766,37,"531
"
767,32,"531
"
768,38,"531
"
769,39,"531
"
770,27,"531
"
771,36,"531
"
772,29,"531
"
773,36,"531
"
774,33,"531
"
775,30,"531
"
776,30,"531
"
777,30,"531
"
778,29,"531
"
779,26,"531
"
780,34,"531
"
781,38,"531
"
782,33,"531
"
783,32,"531
"
784,35,"531
"
785,34,"531
"
786,34,"531
"
787,30,"531
"
788,28,"531
"
789,38,"531
"
790,34,"531
"
791,24,"531
"
792,28,"531
"
793,28,"531
"
794,31,"531
"
795,27,"531
"
796,39,"531
"
797,31,"532
"
798,36,"532
"
799,31,"532
"
800,34,"532
"
801,31,"532
"
802,33,"532
"
803,35,"532
"
804,24,"532
"
805,36,"532
"
806,31,"532
"
807,32,"532
"
808,33,"532
"
809,26,"532
"
810,29,"532
"
811,32,"532
"
812,38,"532
"
813,35,"532
"
814,39,"532
"
815,34,"532
"
816,35,"532
"
817,34,"532
"
818,29,"532
"
819,35,"532
"
820,33,"532
"
821,32,"532
"
822,33,"532
"
823,30,"532
"
824,29,"532
"
825,31,"532
"
826,25,"532
"
827,35,"532
"
828,25,"533
"
829,33,"533
"
830,30,"533
"
831,35,"533
"
832,27,"533
"
833,36,"533
"
834,24,"533
"
835,30,"533
"
836,37,"533
"
837,29,"533
"
838,29,"533
"
839,26,"533
"
840,34,"533
"
841,33,"533
"
842,35,"533
"
843,31,"533
"
844,36,"533
"
845,34,"533
"
846,33,"533
"
847,39,"533
"
848,37,"533
"
849,30,"533
"
850,33,"533
"
851,26,"533
"
852,38,"533
"
853,37,"533
"
854,32,"533
"
855,33,"533
"
856,37,"533
"
857,30,"533
"
858,33,"533
"
859,27,"534
"
860,28,"534
"
861,36,"534
"
862,30,"534
"
863,30,"534
"
864,31,"534
"
865,34,"534
"
866,32,"534
"
867,32,"534
"
868,35,"534
"
869,26,"534
"
870,32,"534
"
871,29,"534
"
872,34,"534
"
872,27,"534
"
873,38,"534
"
874,35,"534
"
875,25,"534
"
875,33,"534
"
876,35,"534
"
877,31,"534
"
878,33,"534
"
879,34,"534
"
880,32,"534
"
881,36,"534
"
882,31,"534
"
883,32,"534
"
884,36,"534
"
885,25,"534
"
886,31,"534
"
887,28,"534
"
888,32,"534
"
889,27,"535
"
890,28,"535
"
891,36,"535
"
892,33,"535
"
893,33,"535
"
894,27,"535
"
895,34,"535
"
896,31,"535
"
897,29,"535
"
898,32,"535
"
899,40,"535
"
900,35,"535
"
901,33,"535
"
902,36,"535
"
903,25,"535
"
904,25,"535
"
905,29,"535
"
906,34,"535
"
907,25,"535
"
908,24,"535
"
909,23,"535
"
909,36,"535
"
910,28,"535
"
910,37,"535
"
910,37,"535
"
910,30,"535
"
910,36,"535
"
911,34,"535
"
912,28,"535
"
913,38,"535
"
914,36,"535
"
915,24,"536
"
916,33,"536
"
917,32,"536
"
918,34,"536
"
919,36,"536
"
920,35,"536
"
921,26,"536
"
922,36,"536
"
923,36,"536
"
924,32,"536
"
925,36,"536
"
926,34,"536
"
927,29,"536
"
928,35,"536
"
929,25,"536
"
930,30,"536
"
931,30,"536
"
932,34,"536
"
933,35,"536
"
934,33,"536
"
935,37,"536
"
936,33,"536
"
937,35,"536
"
938,35,"536
"
939,37,"536
"
940,37,"536
"
941,25,"536
"
942,28,"536
"
943,31,"536
"
944,36,"536
"
945,22,"536
"
946,26,"537
"
947,32,"537
"
948,24,"537
"
949,21,"537
"
950,32,"537
"
951,29,"537
"
952,27,"537
"
953,32,"537
"
953,40,"537
"
953,40,"537
"
953,33,"537
"
953,41,"537
"
953,33,"537
"
953,29,"537
"
952,43,"537
"
952,39,"537
"
953,37,"537
"
954,36,"537
"
955,41,"537
"
956,25,"537
"
957,21,"537
"
958,35,"537
"
959,29,"537
"
960,23,"537
"
961,37,"537
"
962,34,"537
"
963,36,"537
"
964,31,"537
"
965,34,"537
"
966,27,"537
"
967,37,"537
"
968,35,"538
"
969,28,"538
"
970,37,"538
"
971,32,"538
"
972,30,"538
"
973,31,"538
"
974,33,"538
"
975,27,"538
"
976,23,"538
"
977,33,"538
"
978,27,"538
"
979,27,"538
"
980,38,"538
"
981,32,"538
"
975,1157,"539
"
976,47,"539
"
977,32,"539
"
978,29,"539
"
979,29,"539
"
980,36,"539
"
981,24,"539
"
982,32,"539
"
983,32,"539
"
972,467,"540
"
971,59,"540
"
971,27,"540
"
971,35,"540
"
971,24,"540
"
971,25,"540
"
972,27,"540
"
973,23,"540
"
974,21,"540
"
974,845,"541
"
974,27,"541
"
974,38,"541
"
974,32,"541
"
973,33,"541
"
974,39,"541
"
975,36,"541
"
976,26,"541
"
977,34,"541
"
978,29,"541
"
979,33,"541
"
980,36,"541
"
981,39,"541
"
982,30,"541
"
983,36,"541
"
984,29,"541
"
985,33,"541
"
981,407,"542
"
982,36,"542
"
982,29,"542
"
982,39,"542
"
982,28,"542
"
981,185,"542
"
982,32,"542
"
983,25,"542
"
982,36,"542
"
982,41,"542
"
982,33,"542
"
982,31,"542
"
981,172,"543
"
982,29,"543
"
983,38,"543
"
984,35,"543
"
985,34,"543
"
986,23,"543
"
987,22,"543
"
988,32,"543
"
989,27,"543
"
990,31,"543
"
991,33,"543
"
992,34,"543
"
993,26,"543
"
994,36,"543
"
995,32,"543
"
996,26,"543
"
997,23,"543
"
998,31,"543
"
999,33,"543
"
1000,40,"543
"
1001,35,"543
"
1002,30,"543
"
1003,32,"543
"
1004,30,"543
"
1005,39,"543
"
1006,32,"543
"
1007,36,"543
"
1008,34,"543
"
1009,24,"543
"
1010,22,"543
"
1011,40,"543
"
1012,25,"543
"
1013,36,"544
"
1014,32,"544
"
1015,28,"544
"
1016,32,"544
"
1017,28,"544
"
1018,30,"544
"
1019,27,"544
"
1020,22,"544
"
1021,36,"544
"
1022,29,"544
"
1023,31,"544
"
1024,27,"544
"
1025,37,"544
"
1025,29,"544
"
1025,42,"544
"
1025,31,"544
"
1026,31,"544
"
1027,27,"544
"
1028,31,"544
"
1029,30,"544
"
1030,35,"544
"
1031,34,"544
"
1032,27,"544
"
1033,34,"544
"
1034,28,"544
"
1035,36,"544
"
1034,28,"544
"
1034,45,"544
"
1035,30,"544
"
1036,24,"544
"
1037,32,"544
"
1038,34,"544
"
1039,30,"545
"
1040,23,"545
"
1041,35,"545
"
1042,31,"545
"
1043,31,"545
"
1043,38,"545
"
1043,33,"545
"
1043,37,"545
"
1044,38,"545
"
1045,28,"545
"
1046,30,"545
"
1047,28,"545
"
1048,34,"545
"
1049,25,"545
"
1050,37,"545
"
1051,33,"545
"
1052,39,"545
"
1053,36,"545
"
1054,34,"545
"
1055,28,"545
"
1055,37,"545
"
1054,39,"545
"
1055,41,"545
"
1056,24,"545
"
1057,38,"545
"
1058,35,"545
"
1059,32,"545
"
1060,32,"545
"
1061,30,"545
"
1062,39,"545
"
1063,33,"546
"
1063,29,"546
"
1063,38,"546
"
1063,33,"546
"
1063,39,"546
"
1064,36,"546
"
1065,26,"546
"
1066,401,"546
"
1067,25,"546
"
1068,30,"546
"
1069,35,"546
"
1068,35,"546
"
1068,35,"546
"
1066,117,"546
"
1067,34,"546
"
1068,21,"546
"
1069,38,"546
"
1069,24,"547
"
1069,32,"547
"
1067,132,"547
"
1068,33,"547
"
1069,21,"547
"
1070,33,"547
"
1070,35,"547
"
1070,33,"547
"
1069,36,"547
"
1069,36,"547
"
1070,26,"547
"
1071,21,"547
"
1072,28,"547
"
1073,23,"547
"
1074,34,"547
"
1075,29,"547
"
1075,23,"547
"
1075,35,"547
"
1075,41,"547
"
1075,37,"547
"
1075,36,"547
"
1075,30,"547
"
1075,39,"547
"
1074,39,"547
"
1074,35,"547
"
1074,26,"547
"
1074,35,"547
"
1074,35,"547
"
1073,41,"548
"
1073,40,"548
"
1073,29,"548
"
1073,40,"548
"
1073,41,"548
"
1073,40,"548
"
1072,35,"548
"
1072,40,"548
"
1073,30,"548
"
1032,1283,"549
"
1028,148,"549
"
1028,48,"549
"
1028,38,"549
"
1028,37,"549
"
1028,36,"549
"
1028,34,"549
"
1028,33,"549
"
1028,40,"549
"
1027,37,"550
"
1027,35,"550
"
1027,32,"550
"
1012,518,"550
"
1010,70,"550
"
1010,35,"550
"
1010,39,"550
"
1010,39,"550
"
1009,31,"550
"
1009,44,"550
"
1009,27,"550
"
1009,31,"550
"
1009,38,"550
"
1009,36,"551
"
1009,33,"551
"
1009,38,"551
"
1009,38,"551
"
1009,27,"551
"
1009,39,"551
"
1009,35,"551
"
1009,37,"551
"
1009,37,"551
"
1009,39,"551
"
1009,31,"551
"
1002,242,"551
"
1001,50,"551
"
1001,37,"551
"
1001,39,"551
"
1001,29,"551
"
1000,38,"551
"
1000,39,"551
"
1000,40,"551
"
999,41,"551
"
999,36,"551
"
999,39,"551
"
999,31,"552
"
999,25,"552
"
992,234,"552
"
992,45,"552
"
992,37,"552
"
992,31,"552
"
992,31,"552
"
992,28,"552
"
992,34,"552
"
992,29,"552
"
992,37,"552
"
992,32,"552
"
988,353,"552
"
989,35,"552
"
990,34,"553
"
991,30,"553
"
992,32,"553
"
993,34,"553
"
994,31,"553
"
995,28,"553
"
996,28,"553
"
997,33,"553
"
998,30,"553
"
999,33,"553
"
1000,35,"553
"
1001,33,"553
"
1002,31,"553
"
1003,26,"553
"
1004,28,"553
"
1005,34,"553
"
1006,37,"553
"
1007,32,"553
"
1008,25,"553
"
1009,25,"553
"
1010,29,"553
"
1011,335,"553
"
1012,30,"553
"
1013,33,"554
"
1014,31,"554
"
1015,33,"554
"
1016,389,"554
"
1017,29,"554
"
1018,37,"554
"
1019,38,"554
"
1020,33,"554
"
1021,30,"554
"
1022,37,"554
"
1023,33,"554
"
1024,182,"554
"
1025,26,"554
"
1026,35,"554
"
1027,35,"554
"
1028,33,"555
"
1029,129,"555
"
1030,31,"555
"
1031,26,"555
"
1032,34,"555
"
1033,38,"555
"
1034,30,"555
"
1035,131,"555
"
1036,25,"555
"
1037,33,"555
"
1038,36,"555
"
1039,38,"555
"
1040,31,"555
"
1041,33,"555
"
1042,38,"555
"
1043,38,"555
"
1044,29,"555
"
1045,33,"555
"
1046,36,"555
"
1047,34,"555
"
1048,32,"555
"
1049,31,"555
"
1050,36,"555
"
1051,33,"555
"
1052,35,"556
"
1053,32,"556
"
1054,37,"556
"
1055,32,"556
"
1056,29,"556
"
1057,37,"556
"
1058,33,"556
"
1059,39,"556
"
1060,26,"556
"
1061,36,"556
"
1062,38,"556
"
1063,28,"556
"
1064,166,"556
"
1065,32,"556
"
1066,34,"556
"
1067,31,"556
"
1068,36,"556
"
1069,24,"556
"
1070,35,"556
"
1071,29,"556
"
1072,149,"556
"
1073,27,"556
"
1074,32,"556
"
1075,30,"557
"
1076,33,"557
"
1077,31,"557
"
1078,126,"557
"
1079,27,"557
"
1080,29,"557
"
1081,29,"557
"
1082,35,"557
"
1083,25,"557
"
1084,28,"557
"
1085,41,"557
"
1086,28,"557
"
1087,36,"557
"
1088,27,"557
"
1089,30,"557
"
1090,26,"557
"
1091,34,"557
"
1092,38,"557
"
1093,26,"557
"
1094,32,"557
"
1095,36,"557
"
1096,37,"557
"
1097,33,"557
"
1098,38,"557
"
1099,36,"557
"
1100,30,"557
"
1101,34,"557
"
1102,37,"557
"
1103,30,"557
"
1104,32,"558
"
1105,39,"558
"
1106,32,"558
"
1107,37,"558
"
1108,31,"558
"
1109,34,"558
"
1110,34,"558
"
1111,37,"558
"
1112,32,"558
"
1113,29,"558
"
1114,32,"558
"
1115,39,"558
"
1116,37,"558
"
1117,36,"558
"
1118,33,"558
"
1119,34,"558
"
1120,39,"558
"
1121,30,"558
"
1122,34,"558
"
1123,36,"558
"
1124,29,"558
"
1125,33,"558
"
1126,39,"558
"
1127,32,"558
"
1128,38,"558
"
1129,36,"558
"
1130,29,"558
"
1131,35,"558
"
1132,35,"558
"
1133,33,"559
"
1134,38,"559
"
1135,31,"559
"
1136,30,"559
"
1137,40,"559
"
1138,29,"559
"
1139,28,"559
"
1140,36,"559
"
1141,38,"559
"
1142,34,"559
"
1143,35,"559
"
1144,37,"559
"
1145,31,"559
"
1146,31,"559
"
1147,38,"559
"
1148,29,"559
"
1149,39,"559
"
1150,34,"559
"
1151,33,"559
"
1152,37,"559
"
1153,39,"559
"
1154,30,"559
"
1155,35,"559
"
1156,36,"559
"
1157,31,"559
"
1158,35,"559
"
1159,30,"559
"
1160,33,"559
"
1161,40,"559
"
1162,28,"560
"
1163,36,"560
"
1164,34,"560
"
1165,37,"560
"
1166,30,"560
"
1167,37,"560
"
1168,37,"560
"
1169,30,"560
"
1170,34,"560
"
1171,37,"560
"
1172,32,"560
"
1173,37,"560
"
1174,39,"560
"
1175,28,"560
"
1176,35,"560
"
1177,34,"560
"
1178,31,"560
"
1179,39,"560
"
1180,33,"560
"
1181,34,"560
"
1182,38,"560
"
1183,30,"560
"
1184,31,"560
"
1185,349,"561
"
1186,30,"561
"
1187,31,"561
"
1188,36,"561
"
1189,37,"561
"
1190,30,"561
"
1191,31,"561
"
1192,34,"561
"
1193,36,"561
"
1194,34,"561
"
1195,36,"561
"
1196,34,"561
"
1197,34,"561
"
1198,33,"561
"
1199,36,"561
"
1200,31,"561
"
1201,30,"561
"
1202,38,"561
"
1203,35,"561
"
1204,36,"561
"
1205,31,"561
"
1206,36,"561
"
1207,34,"561
"
1208,26,"561
"
1209,34,"561
"
1210,31,"561
"
1211,35,"561
"
1212,35,"562
"
1213,27,"562
"
1214,32,"562
"
1215,30,"562
"
1216,36,"562
"
1217,33,"562
"
1218,27,"562
"
1219,33,"562
"
1220,35,"562
"
1221,24,"562
"
1222,38,"562
"
1223,26,"562
"
1224,37,"562
"
1225,34,"562
"
1226,33,"562
"
1227,30,"562
"
1228,32,"562
"
1229,34,"562
"
1230,28,"562
"
1231,34,"562
"
1232,33,"562
"
1233,30,"562
"
1234,31,"562
"
1235,38,"562
"
1236,38,"562
"
1237,27,"562
"
1238,38,"562
"
1239,26,"562
"
1240,33,"562
"
1241,30,"562
"
1242,36,"562
"
1243,36,"563
"
1244,34,"563
"
1245,31,"563
"
1246,33,"563
"
1247,38,"563
"
1248,39,"563
"
1249,31,"563
"
1250,36,"563
"
1251,29,"563
"
1252,32,"563
"
1253,38,"563
"
1254,35,"563
"
1255,30,"563
"
1256,38,"563
"
1257,35,"563
"
1258,35,"563
"
1259,38,"563
"
1260,31,"563
"
1261,36,"563
"
1262,36,"563
"
1263,37,"563
"
1264,29,"563
"
1265,33,"563
"
1266,27,"563
"
1267,35,"563
"
1268,36,"563
"
1269,38,"563
"
1270,33,"563
"
1271,40,"563
"
1272,35,"564
"
1273,27,"564
"
1274,36,"564
"
1275,38,"564
"
1276,30,"564
"
1277,34,"564
"
1278,34,"564
"
1279,34,"564
"
1280,39,"564
"
1281,30,"564
"
1282,31,"564
"
1283,32,"564
"
1284,34,"564
"
1285,33,"564
"
1286,39,"564
"
1287,33,"564
"
1288,32,"564
"
1289,28,"564
"
1290,32,"564
"
1291,36,"564
"
1292,36,"564
"
1293,32,"564
"
1294,35,"564
"
1295,35,"564
"
1296,35,"564
"
1297,33,"564
"
1298,32,"564
"
1299,40,"564
"
1300,37,"564
"
1301,39,"564
"
1302,31,"565
"
1303,33,"565
"
1304,35,"565
"
1305,33,"565
"
1306,32,"565
"
1307,38,"565
"
1308,30,"565
"
1309,33,"565
"
1310,39,"565
"
1311,27,"565
"
1312,37,"565
"
1313,34,"565
"
1314,32,"565
"
1315,37,"565
"
1316,37,"565
"
1317,35,"565
"
1318,33,"565
"
1319,37,"565
"
1320,35,"565
"
1321,33,"565
"
1322,38,"565
"
1323,33,"565
"
1324,34,"565
"
1325,39,"565
"
1326,37,"565
"
1327,27,"565
"
1328,33,"565
"
1329,31,"565
"
1330,33,"565
"
1331,39,"566
"
1332,28,"566
"
1333,34,"566
"
1334,40,"566
"
1335,32,"566
"
1336,30,"566
"
1337,35,"566
"
1338,35,"566
"
1339,33,"566
"
1340,38,"566
"
1341,38,"566
"
1342,32,"566
"
1343,31,"566
"
1344,37,"566
"
1345,34,"566
"
1346,30,"566
"
1347,32,"566
"
1348,34,"566
"
1349,41,"566
"
1350,39,"566
"
1351,29,"566
"
1352,37,"566
"
1353,38,"566
"
1354,27,"566
"
1355,32,"566
"
1356,29,"566
"
1357,28,"566
"
1358,32,"566
"
1359,29,"566
"
1360,28,"566
"
1361,29,"567
"
1362,33,"567
"
1363,29,"567
"
1364,27,"567
"
1365,38,"567
"
1366,25,"567
"
1367,39,"567
"
1368,32,"567
"
1369,35,"567
"
1370,36,"567
"
1371,35,"567
"
1372,32,"567
"
1373,34,"567
"
1374,43,"567
"
1375,31,"567
"
1376,33,"567
"
1377,33,"567
"
1378,36,"567
"
1379,36,"567
"
1380,34,"567
"
1381,35,"567
"
1382,34,"567
"
1383,35,"567
"
1384,34,"567
"
1385,33,"567
"
1386,39,"567
"
1387,37,"567
"
1388,31,"567
"
1389,28,"567
"
1390,30,"567
"
1391,36,"568
"
1392,32,"568
"
1393,36,"568
"
1394,37,"568
"
1395,30,"568
"
1396,35,"568
"
1397,31,"568
"
1398,36,"568
"
1399,37,"568
"
1400,38,"568
"
1401,37,"568
"
1402,36,"568
"
1403,33,"568
"
1404,33,"568
"
1405,33,"568
"
1406,36,"568
"
1407,32,"568
"
1408,34,"568
"
1409,33,"568
"
1410,37,"568
"
1411,33,"568
"
1412,33,"568
"
1413,41,"568
"
1414,29,"568
"
785,26186,"596
"
731,1778,"596
"
671,3323,"600
"
672,140,"600
"
673,37,"600
"
673,32,"600
"
674,36,"600
"
674,32,"600
"
674,39,"600
"
673,36,"600
"
673,36,"600
"
672,37,"600
"
672,31,"600
"
673,34,"600
"
674,28,"600
"
534,6396,"607
"
529,272,"607
"
529,43,"607
"
529,34,"607
"
530,24,"607
"
529,30,"607
"
529,30,"607
"
529,29,"607
"
529,28,"607
"
529,29,"607
"
529,26,"607
"
529,36,"607
"
529,23,"607
"
511,1188,"608
"
512,54,"608
"
513,25,"608
"
514,36,"608
"
515,29,"608
"
516,32,"608
"
517,24,"609
"
518,34,"609
"
519,29,"609
"
520,24,"609
"
521,29,"609
"
522,36,"609
"
523,27,"609
"
524,27,"609
"
525,30,"609
"
526,37,"609
"
527,33,"609
"
528,29,"609
"
529,31,"609
"
530,25,"609
"
531,32,"609
"
532,28,"609
"
533,34,"609
"
534,30,"609
"
535,28,"609
"
536,28,"609
"
536,23,"609
"
537,35,"609
"
538,25,"609
"
539,29,"609
"
540,29,"609
"
540,32,"609
"
540,29,"609
"
541,31,"609
"
541,30,"609
"
541,30,"609
"
541,37,"609
"
541,32,"609
"
541,33,"609
"
541,36,"610
"
541,34,"610
"
541,35,"610
"
541,35,"610
"
542,34,"610
"
543,30,"610
"
544,32,"610
"
545,35,"610
"
546,28,"610
"
547,27,"610
"
548,24,"610
"
549,31,"610
"
550,29,"610
"
551,27,"610
"
552,29,"610
"
553,35,"610
"
554,34,"610
"
555,27,"610
"
556,21,"610
"
557,34,"610
"
557,27,"610
"
558,33,"610
"
559,35,"610
"
559,29,"610
"
559,34,"610
"
559,37,"610
"
559,32,"610
"
559,33,"610
"
559,34,"610
"
559,38,"610
"
559,25,"610
"
559,31,"610
"
559,32,"611
"
560,29,"611
"
560,35,"611
"
560,32,"611
"
560,33,"611
"
560,34,"611
"
560,34,"611
"
560,28,"611
"
560,29,"611
"
560,39,"611
"
560,32,"611
"
560,33,"611
"
561,33,"611
"
562,32,"611
"
563,22,"611
"
564,34,"611
"
565,35,"611
"
566,25,"611
"
567,33,"611
"
567,32,"611
"
568,36,"611
"
568,35,"611
"
568,29,"611
"
568,34,"611
"
568,29,"611
"
568,33,"611
"
568,31,"611
"
569,32,"611
"
569,36,"611
"
569,29,"611
"
569,33,"611
"
569,31,"612
"
569,26,"612
"
569,32,"612
"
570,32,"612
"
571,28,"612
"
572,23,"612
"
573,25,"612
"
574,31,"612
"
575,24,"612
"
576,27,"612
"
577,24,"612
"
577,35,"612
"
577,37,"612
"
577,25,"612
"
577,32,"612
"
577,36,"612
"
577,31,"612
"
577,34,"612
"
577,35,"612
"
577,32,"612
"
577,32,"612
"
578,35,"612
"
579,27,"612
"
580,36,"612
"
581,25,"612
"
582,23,"612
"
583,31,"612
"
584,29,"612
"
585,34,"612
"
586,26,"612
"
587,33,"612
"
588,24,"612
"
588,35,"612
"
588,31,"612
"
588,32,"613
"
588,25,"613
"
588,27,"613
"
589,26,"613
"
588,33,"613
"
589,24,"613
"
589,28,"613
"
589,35,"613
"
589,25,"613
"
589,32,"613
"
589,36,"613
"
589,30,"613
"
589,38,"613
"
588,32,"613
"
588,37,"613
"
588,25,"613
"
589,30,"613
"
588,38,"613
"
588,37,"613
"
588,30,"613
"
588,33,"613
"
589,36,"613
"
590,27,"613
"
591,32,"613
"
592,37,"613
"
593,24,"613
"
594,27,"613
"
595,33,"613
"
596,31,"613
"
597,31,"613
"
597,34,"613
"
597,37,"613
"
597,29,"614
"
597,38,"614
"
597,27,"614
"
598,36,"614
"
599,31,"614
"
600,36,"614
"
601,24,"614
"
602,27,"614
"
470,5283,"619
"
465,237,"619
"
465,39,"619
"
465,37,"619
"
464,37,"619
"
464,36,"619
"
464,28,"619
"
465,26,"619
"
465,26,"619
"
465,29,"620
"
465,31,"620
"
465,40,"620
"
465,30,"620
"
465,31,"620
"
465,37,"620
"
465,32,"620
"
465,32,"620
"
465,36,"620
"
465,36,"620
"
465,31,"620
"
465,34,"620
"
466,30,"620
"
466,28,"620
"
465,40,"620
"
466,31,"620
"
466,31,"620
"
466,30,"620
"
466,29,"620
"
466,37,"620
"
466,30,"620
"
466,31,"620
"
466,36,"620
"
466,24,"620
"
383,3123,"623
"
380,134,"624
"
380,40,"624
"
380,31,"624
"
380,27,"624
"
380,24,"624
"
380,33,"624
"
380,31,"624
"
380,33,"624
"
380,39,"624
"
381,26,"624
"
381,30,"624
"
380,36,"624
"
381,30,"624
"
381,31,"624
"
381,27,"624
"
381,23,"624
"
381,37,"624
"
381,32,"624
"
381,25,"624
"
381,26,"624
"
382,30,"624
"
382,26,"624
"
382,29,"624
"
382,33,"624
"
382,34,"624
"
382,33,"624
"
382,33,"624
"
382,34,"624
"
382,36,"624
"
382,25,"624
"
383,27,"624
"
383,27,"624
"
383,30,"625
"
383,34,"625
"
383,28,"625
"
383,36,"625
"
383,30,"625
"
275,4198,"629
"
276,141,"629
"
277,30,"629
"
278,30,"629
"
279,32,"629
"
280,26,"629
"
281,35,"629
"
282,27,"629
"
283,27,"629
"
284,27,"629
"
285,30,"629
"
286,31,"629
"
287,30,"629
"
288,31,"629
"
289,30,"629
"
290,25,"629
"
291,32,"629
"
292,30,"629
"
293,32,"629
"
294,23,"629
"
295,34,"630
"
296,25,"630
"
297,26,"630
"
298,266,"630
"
299,30,"630
"
300,35,"630
"
301,28,"630
"
302,31,"630
"
303,26,"630
"
304,25,"630
"
305,30,"630
"
306,121,"630
"
307,24,"630
"
308,33,"630
"
309,29,"630
"
310,30,"630
"
311,29,"630
"
312,24,"630
"
313,150,"630
"
314,25,"631
"
315,33,"631
"
316,28,"631
"
317,27,"631
"
318,33,"631
"
319,21,"631
"
320,32,"631
"
321,26,"631
"
322,31,"631
"
323,30,"631
"
324,32,"631
"
325,24,"631
"
326,29,"631
"
327,25,"631
"
328,24,"631
"
329,33,"631
"
330,31,"631
"
331,32,"631
"
332,34,"631
"
333,31,"631
"
334,32,"631
"
335,24,"631
"
336,23,"631
"
337,27,"631
"
338,34,"631
"
339,34,"631
"
340,34,"631
"
341,28,"631
"
342,34,"631
"
343,29,"631
"
344,35,"631
"
345,23,"631
"
346,21,"631
"
347,24,"631
"
348,19,"631
"
349,34,"632
"
350,37,"632
"
351,30,"632
"
352,34,"632
"
353,39,"632
"
354,27,"632
"
355,31,"632
"
356,37,"632
"
357,30,"632
"
358,30,"632
"
359,27,"632
"
360,23,"632
"
361,32,"632
"
362,30,"632
"
363,28,"632
"
364,25,"632
"
365,34,"632
"
366,24,"632
"
367,25,"632
"
368,31,"632
"
369,28,"632
"
370,24,"632
"
371,27,"632
"
372,27,"632
"
373,26,"632
"
374,25,"632
"
375,25,"632
"
376,25,"632
"
377,33,"632
"
378,26,"632
"
379,32,"632
"
380,30,"632
"
381,29,"632
"
382,35,"632
"
383,27,"633
"
384,30,"633
"
385,30,"633
"
386,28,"633
"
387,22,"633
"
388,27,"633
"
389,28,"633
"
390,24,"633
"
391,31,"633
"
392,26,"633
"
393,24,"633
"
394,27,"633
"
395,27,"633
"
396,25,"633
"
397,28,"633
"
398,27,"633
"
399,31,"633
"
400,32,"633
"
401,29,"633
"
402,27,"633
"
403,24,"633
"
404,29,"633
"
405,24,"633
"
406,29,"633
"
407,28,"633
"
408,30,"633
"
409,32,"633
"
410,29,"633
"
411,34,"633
"
412,32,"633
"
413,31,"633
"
414,34,"633
"
415,25,"633
"
416,31,"633
"
417,26,"633
"
418,29,"634
"
419,31,"634
"
420,25,"634
"
421,35,"634
"
422,25,"634
"
423,27,"634
"
424,26,"634
"
425,25,"634
"
426,28,"634
"
427,26,"634
"
428,25,"634
"
429,26,"634
"
430,27,"634
"
431,28,"634
"
432,33,"634
"
433,23,"634
"
434,32,"634
"
435,24,"634
"
436,26,"634
"
437,23,"634
"
438,30,"634
"
439,21,"634
"
440,25,"634
"
441,25,"634
"
442,28,"634
"
443,30,"634
"
444,30,"634
"
445,25,"634
"
446,31,"634
"
447,24,"634
"
448,32,"634
"
449,29,"634
"
450,26,"634
"
451,31,"634
"
452,25,"634
"
453,24,"634
"
454,30,"634
"
455,27,"635
"
456,28,"635
"
457,30,"635
"
458,24,"635
"
459,32,"635
"
460,30,"635
"
461,33,"635
"
462,25,"635
"
463,28,"635
"
464,28,"635
"
465,30,"635
"
466,29,"635
"
467,30,"635
"
468,29,"635
"
469,35,"635
"
470,29,"635
"
471,32,"635
"
472,27,"635
"
473,32,"635
"
474,29,"635
"
475,31,"635
"
476,37,"635
"
477,31,"635
"
478,31,"635
"
479,28,"635
"
480,35,"635
"
481,33,"635
"
482,29,"635
"
483,29,"635
"
484,26,"635
"
485,28,"635
"
486,33,"635
"
487,27,"635
"
488,32,"636
"
489,30,"636
"
490,34,"636
"
491,33,"636
"
492,27,"636
"
493,27,"636
"
494,29,"636
"
495,25,"636
"
496,30,"636
"
497,32,"636
"
498,32,"636
"
499,24,"636
"
500,38,"636
"
501,33,"636
"
502,29,"636
"
503,32,"636
"
504,32,"636
"
505,21,"636
"
506,37,"636
"
507,34,"636
"
508,37,"636
"
509,24,"636
"
510,24,"636
"
511,31,"636
"
512,33,"636
"
513,37,"636
"
514,26,"636
"
515,29,"636
"
516,35,"636
"
517,27,"636
"
518,35,"636
"
519,27,"636
"
520,34,"636
"
521,34,"637
"
522,26,"637
"
523,26,"637
"
524,30,"637
"
525,31,"637
"
526,32,"637
"
527,28,"637
"
528,35,"637
"
529,23,"637
"
530,31,"637
"
531,27,"637
"
532,32,"637
"
533,37,"637
"
534,31,"637
"
535,29,"637
"
536,30,"637
"
537,29,"637
"
538,28,"637
"
539,30,"637
"
540,31,"637
"
541,36,"637
"
542,36,"637
"
543,32,"637
"
544,27,"637
"
545,30,"637
"
546,23,"637
"
547,33,"637
"
548,25,"637
"
549,33,"637
"
550,28,"637
"
551,29,"637
"
552,25,"637
"
553,26,"637
"
554,31,"638
"
555,28,"638
"
556,27,"638
"
557,24,"638
"
558,28,"638
"
559,25,"638
"
560,33,"638
"
561,24,"638
"
562,34,"638
"
563,36,"638
"
564,26,"638
"
565,31,"638
"
566,25,"638
"
567,35,"638
"
568,35,"638
"
569,33,"638
"
570,33,"638
"
571,37,"638
"
572,32,"638
"
573,31,"638
"
574,32,"638
"
575,36,"638
"
576,33,"638
"
577,29,"638
"
578,36,"638
"
579,23,"638
"
580,29,"638
"
581,30,"638
"
582,31,"638
"
583,30,"638
"
584,31,"638
"
585,35,"638
"
586,35,"638
"
587,35,"639
"
588,32,"639
"
589,35,"639
"
590,33,"639
"
591,35,"639
"
592,36,"639
"
593,38,"639
"
594,29,"639
"
595,32,"639
"
596,37,"639
"
597,29,"639
"
598,27,"639
"
599,35,"639
"
600,33,"639
"
601,30,"639
"
602,37,"639
"
603,33,"639
"
604,38,"639
"
605,24,"639
"
606,36,"639
"
607,31,"639
"
608,30,"639
"
609,30,"639
"
610,35,"639
"
611,33,"639
"
612,36,"639
"
613,25,"639
"
614,39,"639
"
615,31,"639
"
616,37,"639
"
617,29,"640
"
618,39,"640
"
619,34,"640
"
620,33,"640
"
621,31,"640
"
622,29,"640
"
623,36,"640
"
624,31,"640
"
625,38,"640
"
626,31,"640
"
627,37,"640
"
628,32,"640
"
629,25,"640
"
630,30,"640
"
631,37,"640
"
632,36,"640
"
633,29,"640
"
634,35,"640
"
635,28,"640
"
636,30,"640
"
637,37,"640
"
638,31,"640
"
639,35,"640
"
640,28,"640
"
641,33,"640
"
642,31,"640
"
643,35,"640
"
644,36,"640
"
645,32,"640
"
646,30,"640
"
647,35,"640
"
648,34,"641
"
649,29,"641
"
650,36,"641
"
651,27,"641
"
652,29,"641
"
653,36,"641
"
654,35,"641
"
655,29,"641
"
656,37,"641
"
657,34,"641
"
658,29,"641
"
659,30,"641
"
660,33,"641
"
661,35,"641
"
662,28,"641
"
663,33,"641
"
664,37,"641
"
665,25,"641
"
666,27,"641
"
667,39,"641
"
668,22,"641
"
669,32,"641
"
670,35,"641
"
671,26,"641
"
672,30,"641
"
673,35,"641
"
674,32,"641
"
675,39,"641
"
676,30,"641
"
677,38,"641
"
678,31,"641
"
679,37,"642
"
680,32,"642
"
681,34,"642
"
682,33,"642
"
683,32,"642
"
684,30,"642
"
685,30,"642
"
686,27,"642
"
687,30,"642
"
688,37,"642
"
689,35,"642
"
690,31,"642
"
691,33,"642
"
692,27,"642
"
693,36,"642
"
694,35,"642
"
695,36,"642
"
696,32,"642
"
697,32,"642
"
698,32,"642
"
699,35,"642
"
700,36,"642
"
701,29,"642
"
702,32,"642
"
703,32,"642
"
704,30,"642
"
705,31,"642
"
706,24,"642
"
707,35,"642
"
708,32,"642
"
709,34,"642
"
710,35,"643
"
711,26,"643
"
712,22,"643
"
713,27,"643
"
714,33,"643
"
715,29,"643
"
716,29,"643
"
717,33,"643
"
718,33,"643
"
719,35,"643
"
720,32,"643
"
721,30,"643
"
722,35,"643
"
723,26,"643
"
724,38,"643
"
725,36,"643
"
726,33,"643
"
727,31,"643
"
728,35,"643
"
729,34,"643
"
730,34,"643
"
731,35,"643
"
732,33,"643
"
733,33,"643
"
734,34,"643
"
735,32,"643
"
736,34,"643
"
737,30,"643
"
738,27,"643
"
739,35,"643
"
740,30,"643
"
741,32,"644
"
742,32,"644
"
743,26,"644
"
744,37,"644
"
745,35,"644
"
746,36,"644
"
747,30,"644
"
748,38,"644
"
749,36,"644
"
750,36,"644
"
751,33,"644
"
752,38,"644
"
753,33,"644
"
754,36,"644
"
755,33,"644
"
756,34,"644
"
757,33,"644
"
758,31,"644
"
759,37,"644
"
760,33,"644
"
761,37,"644
"
762,30,"644
"
763,36,"644
"
764,27,"644
"
765,38,"644
"
766,33,"644
"
767,33,"644
"
768,34,"644
"
769,33,"644
"
770,37,"644
"
771,32,"645
"
772,38,"645
"
773,34,"645
"
774,28,"645
"
775,37,"645
"
776,31,"645
"
777,36,"645
"
778,33,"645
"
779,33,"645
"
780,33,"645
"
781,33,"645
"
782,32,"645
"
783,29,"645
"
784,32,"645
"
785,37,"645
"
786,28,"645
"
787,28,"645
"
788,38,"645
"
789,34,"645
"
790,30,"645
"
791,39,"645
"
792,25,"645
"
793,37,"645
"
794,31,"645
"
795,32,"645
"
796,34,"645
"
797,38,"645
"
798,32,"645
"
799,35,"645
"
800,37,"645
"
801,36,"646
"
802,28,"646
"
803,37,"646
"
804,38,"646
"
805,34,"646
"
806,37,"646
"
807,33,"646
"
808,29,"646
"
809,36,"646
"
810,36,"646
"
811,29,"646
"
812,27,"646
"
813,37,"646
"
814,32,"646
"
815,39,"646
"
816,36,"646
"
817,30,"646
"
818,35,"646
"
819,33,"646
"
820,36,"646
"
821,36,"646
"
822,35,"646
"
823,36,"646
"
824,34,"646
"
825,28,"646
"
826,36,"646
"
827,36,"646
"
828,37,"646
"
829,32,"646
"
830,35,"647
"
831,30,"647
"
832,30,"647
"
833,26,"647
"
834,32,"647
"
835,25,"647
"
836,31,"647
"
837,26,"647
"
838,35,"647
"
839,38,"647
"
840,28,"647
"
841,29,"647
"
842,34,"647
"
843,37,"647
"
844,30,"647
"
845,34,"647
"
846,35,"647
"
847,37,"647
"
848,26,"647
"
849,30,"647
"
850,27,"647
"
851,35,"647
"
852,33,"647
"
853,34,"647
"
854,35,"647
"
855,33,"647
"
856,37,"647
"
857,35,"647
"
858,29,"647
"
859,36,"647
"
860,30,"647
"
861,32,"648
"
862,36,"648
"
863,32,"648
"
864,31,"648
"
865,30,"648
"
866,27,"648
"
867,36,"648
"
868,35,"648
"
869,26,"648
"
870,26,"648
"
871,31,"648
"
872,37,"648
"
873,28,"648
"
874,34,"648
"
875,32,"648
"
876,37,"648
"
877,36,"648
"
878,34,"648
"
879,35,"648
"
880,30,"648
"
881,34,"648
"
882,35,"648
"
883,33,"648
"
884,39,"648
"
885,33,"648
"
886,30,"648
"
887,36,"648
"
888,31,"648
"
889,37,"648
"
890,34,"648
"
891,33,"648
"
892,36,"649
"
893,31,"649
"
894,27,"649
"
895,35,"649
"
896,36,"649
"
897,30,"649
"
898,28,"649
"
899,28,"649
"
900,36,"649
"
901,37,"649
"
902,24,"649
"
903,30,"649
"
904,34,"649
"
905,36,"649
"
906,33,"649
"
907,32,"649
"
908,32,"649
"
909,27,"649
"
910,25,"649
"
911,39,"649
"
912,29,"649
"
913,32,"649
"
914,35,"649
"
915,27,"649
"
916,38,"649
"
917,33,"649
"
918,31,"649
"
919,33,"649
"
920,35,"649
"
921,26,"649
"
922,36,"649
"
923,33,"650
"
924,37,"650
"
925,33,"650
"
926,38,"650
"
927,33,"650
"
928,35,"650
"
929,32,"650
"
930,33,"650
"
931,33,"650
"
932,34,"650
"
933,34,"650
"
934,27,"650
"
935,35,"650
"
936,29,"650
"
937,34,"650
"
938,31,"650
"
939,32,"650
"
940,29,"650
"
941,38,"650
"
942,30,"650
"
943,28,"650
"
944,34,"650
"
945,39,"650
"
946,30,"650
"
947,37,"650
"
948,32,"650
"
949,32,"650
"
950,37,"650
"
951,32,"650
"
952,30,"650
"
953,37,"651
"
954,31,"651
"
955,35,"651
"
956,36,"651
"
957,33,"651
"
958,32,"651
"
959,37,"651
"
960,37,"651
"
961,31,"651
"
962,37,"651
"
963,35,"651
"
964,27,"651
"
965,32,"651
"
966,28,"651
"
967,33,"651
"
968,29,"651
"
969,34,"651
"
970,34,"651
"
971,25,"651
"
972,36,"651
"
973,26,"651
"
974,33,"651
"
975,31,"651
"
976,38,"651
"
977,30,"651
"
978,39,"651
"
979,30,"651
"
980,34,"651
"
981,39,"651
"
982,37,"651
"
983,30,"651
"
984,37,"652
"
985,31,"652
"
986,33,"652
"
987,33,"652
"
988,33,"652
"
989,33,"652
"
990,39,"652
"
991,27,"652
"
992,38,"652
"
993,33,"652
"
994,25,"652
"
995,36,"652
"
996,27,"652
"
997,33,"652
"
998,32,"652
"
999,26,"652
"
1000,32,"652
"
1001,32,"652
"
1002,34,"652
"
1003,35,"652
"
1004,34,"652
"
1005,34,"652
"
1006,36,"652
"
1007,29,"652
"
1008,32,"652
"
1009,31,"652
"
1010,37,"652
"
1011,33,"652
"
1012,35,"652
"
1013,37,"652
"
1014,33,"653
"
1015,27,"653
"
1016,26,"653
"
1017,36,"653
"
1018,30,"653
"
1019,36,"653
"
1020,36,"653
"
1021,28,"653
"
1022,30,"653
"
1023,35,"653
"
1024,25,"653
"
1025,38,"653
"
1026,37,"653
"
1027,30,"653
"
1028,35,"653
"
1029,36,"653
"
1030,31,"653
"
1031,35,"653
"
1032,33,"653
"
1033,29,"653
"
1034,38,"653
"
1035,24,"653
"
1036,30,"653
"
1037,37,"653
"
1038,28,"653
"
1039,22,"653
"
1040,23,"653
"
1041,39,"653
"
1042,28,"653
"
1043,39,"653
"
1044,41,"653
"
1045,30,"654
"
1046,37,"654
"
1047,34,"654
"
1048,35,"654
"
1049,32,"654
"
1050,30,"654
"
1051,35,"654
"
1052,32,"654
"
1053,30,"654
"
1054,33,"654
"
1055,32,"654
"
1056,32,"654
"
1057,34,"654
"
1058,33,"654
"
1059,31,"654
"
1060,38,"654
"
1061,31,"654
"
1062,28,"654
"
1063,31,"654
"
1064,38,"654
"
1065,29,"654
"
1066,36,"654
"
1067,33,"654
"
1068,29,"654
"
1069,33,"654
"
1070,32,"654
"
1071,36,"654
"
1072,36,"654
"
1073,35,"654
"
1074,31,"654
"
1075,31,"654
"
1075,29,"655
"
1076,39,"655
"
1077,31,"655
"
1078,32,"655
"
1079,33,"655
"
1080,33,"655
"
1081,32,"655
"
1082,30,"655
"
1083,28,"655
"
1084,33,"655
"
1085,29,"655
"
1086,33,"655
"
1087,36,"655
"
1088,31,"655
"
1089,32,"655
"
1090,33,"655
"
1091,35,"655
"
1092,35,"655
"
1093,31,"655
"
1094,32,"655
"
1095,37,"655
"
1096,30,"655
"
1097,33,"655
"
1098,36,"655
"
1099,34,"655
"
1100,33,"655
"
1101,37,"655
"
1102,36,"655
"
1103,35,"655
"
1104,31,"655
"
1105,33,"656
"
1106,35,"656
"
1107,27,"656
"
1108,32,"656
"
1109,32,"656
"
1110,38,"656
"
1111,33,"656
"
1112,25,"656
"
1113,33,"656
"
1114,25,"656
"
1115,32,"656
"
1116,25,"656
"
1117,37,"656
"
1118,34,"656
"
1119,31,"656
"
1120,34,"656
"
1121,37,"656
"
1122,28,"656
"
1123,35,"656
"
1124,35,"656
"
1125,33,"656
"
1126,35,"656
"
1127,28,"656
"
1128,35,"656
"
1128,31,"656
"
1129,38,"656
"
1130,28,"656
"
1131,35,"656
"
1132,26,"656
"
1133,36,"656
"
1134,37,"656
"
1135,29,"657
"
1136,37,"657
"
1137,36,"657
"
1138,25,"657
"
1139,33,"657
"
1140,35,"657
"
1141,32,"657
"
1142,32,"657
"
1143,37,"657
"
1144,32,"657
"
1145,34,"657
"
1146,28,"657
"
1147,34,"657
"
1148,37,"657
"
1149,36,"657
"
1150,26,"657
"
1151,31,"657
"
1152,32,"657
"
1153,32,"657
"
1154,26,"657
"
1155,33,"657
"
1156,39,"657
"
1157,29,"657
"
1158,37,"657
"
1159,32,"657
"
1160,29,"657
"
1161,33,"657
"
1162,29,"657
"
1163,33,"657
"
1164,38,"657
"
1165,25,"657
"
1166,34,"658
"
1167,30,"658
"
1168,27,"658
"
1169,26,"658
"
1170,26,"658
"
1171,36,"658
"
1172,35,"658
"
1173,37,"658
"
1174,33,"658
"
1175,31,"658
"
1176,38,"658
"
1177,26,"658
"
1178,31,"658
"
1179,30,"658
"
1180,29,"658
"
1181,28,"658
"
1182,27,"658
"
1183,28,"658
"
1184,26,"658
"
1185,26,"658
"
1186,32,"658
"
1187,29,"658
"
1188,32,"658
"
1189,25,"658
"
1190,26,"658
"
1191,32,"658
"
1192,34,"658
"
1193,38,"658
"
1194,26,"658
"
1195,27,"658
"
1196,37,"658
"
1197,32,"658
"
1198,38,"659
"
1199,29,"659
"
1200,35,"659
"
1201,34,"659
"
1202,28,"659
"
1203,33,"659
"
1204,29,"659
"
1205,37,"659
"
1206,34,"659
"
1207,36,"659
"
1208,30,"659
"
1209,33,"659
"
1210,38,"659
"
1211,32,"659
"
1212,38,"659
"
1213,30,"659
"
1214,35,"659
"
1215,32,"659
"
1216,31,"659
"
1217,36,"659
"
1218,37,"659
"
1219,36,"659
"
1220,32,"659
"
1221,27,"659
"
1222,31,"659
"
1223,31,"659
"
1224,37,"659
"
1225,28,"659
"
1226,31,"659
"
1227,30,"659
"
1228,30,"659
"
1229,29,"660
"
1230,27,"660
"
1231,26,"660
"
1232,27,"660
"
1232,36,"660
"
1233,39,"660
"
1234,29,"660
"
1235,23,"660
"
1235,37,"660
"
1235,37,"660
"
1235,37,"660
"
1235,34,"660
"
1235,35,"660
"
1235,29,"660
"
1235,32,"660
"
1236,31,"660
"
1236,27,"660
"
1236,37,"660
"
1236,32,"660
"
1236,33,"660
"
1236,33,"660
"
1237,42,"660
"
1238,26,"660
"
1239,38,"660
"
1240,25,"660
"
1241,30,"660
"
1242,28,"660
"
1243,22,"660
"
1244,21,"660
"
1245,28,"660
"
1246,29,"660
"
1247,25,"660
"
1248,26,"660
"
1249,23,"661
"
1250,36,"661
"
1251,27,"661
"
1252,35,"661
"
1253,31,"661
"
1254,37,"661
"
1255,33,"661
"
1256,34,"661
"
1257,32,"661
"
1258,32,"661
"
1259,29,"661
"
1260,31,"661
"
1261,32,"661
"
1262,30,"661
"
1263,33,"661
"
1264,29,"661
"
1265,27,"661
"
1266,37,"661
"
1267,35,"661
"
1268,25,"661
"
1269,32,"661
"
1270,38,"661
"
1271,34,"661
"
1272,31,"661
"
1273,35,"661
"
1274,31,"661
"
1275,38,"661
"
1276,32,"661
"
1277,35,"661
"
1278,28,"661
"
1279,33,"661
"
1280,26,"662
"
1281,26,"662
"
1282,35,"662
"
1283,31,"662
"
1284,28,"662
"
1285,33,"662
"
1286,31,"662
"
1287,40,"662
"
1288,34,"662
"
1289,37,"662
"
1290,32,"662
"
1291,35,"662
"
1292,31,"662
"
1293,31,"662
"
1294,31,"662
"
1295,29,"662
"
1296,32,"662
"
1297,28,"662
"
1298,37,"662
"
1299,26,"662
"
1300,29,"662
"
1301,35,"662
"
1302,30,"662
"
1303,35,"662
"
1304,27,"662
"
1305,31,"662
"
1306,31,"662
"
1307,36,"662
"
1308,36,"662
"
1309,34,"662
"
1310,40,"662
"
1311,26,"663
"
1312,25,"663
"
1313,32,"663
"
1314,25,"663
"
1315,31,"663
"
1316,29,"663
"
1317,33,"663
"
1318,37,"663
"
1319,37,"663
"
1320,31,"663
"
1321,32,"663
"
1322,32,"663
"
1323,37,"663
"
1324,32,"663
"
1325,27,"663
"
1326,34,"663
"
1327,30,"663
"
1328,30,"663
"
1329,24,"663
"
1330,32,"663
"
1331,29,"663
"
1332,30,"663
"
1333,30,"663
"
1334,24,"663
"
1335,32,"663
"
1336,29,"663
"
1337,34,"663
"
1338,36,"663
"
1339,35,"663
"
1340,30,"663
"
1341,38,"663
"
1342,31,"663
"
1343,34,"664
"
1344,37,"664
"
1345,32,"664
"
1346,27,"664
"
1347,28,"664
"
1348,30,"664
"
1349,31,"664
"
1350,34,"664
"
1351,33,"664
"
1352,26,"664
"
1353,36,"664
"
1354,36,"664
"
1355,29,"664
"
1356,39,"664
"
1357,35,"664
"
1358,26,"664
"
1359,39,"664
"
1360,37,"664
"
1361,30,"664
"
1362,32,"664
"
1363,36,"664
"
1364,28,"664
"
1365,33,"664
"
1366,30,"664
"
1367,26,"664
"
1368,26,"664
"
1369,41,"664
"
1370,33,"664
"
1371,26,"664
"
1372,33,"664
"
1373,27,"664
"
1374,28,"664
"
1375,32,"665
"
1376,39,"665
"
1377,37,"665
"
1378,37,"665
"
1379,37,"665
"
1380,30,"665
"
1381,30,"665
"
1382,38,"665
"
1383,35,"665
"
1384,23,"665
"
1210,8494,"674
"
1197,670,"674
"
1198,75,"674
"
1199,23,"674
"
1200,22,"674
"
1201,23,"674
"
1202,20,"674
"
1203,21,"674
"
1204,24,"674
"
1205,24,"674
"
1206,23,"674
"
1207,22,"674
"
1208,22,"674
"
1209,22,"674
"
1210,22,"674
"
1211,22,"674
"
1212,22,"674
"
1213,835,"675
"
1214,34,"675
"
1215,31,"675
"
1216,26,"675
"
1217,31,"675
"
1218,28,"675
"
1219,35,"675
"
1220,28,"675
"
1221,26,"675
"
1222,33,"675
"
1223,34,"676
"
1224,27,"676
"
1225,37,"676
"
1226,34,"676
"
1227,37,"676
"
1228,32,"676
"
1229,26,"676
"
1230,35,"676
"
1231,29,"676
"
1232,32,"676
"
1233,32,"676
"
1234,25,"676
"
1235,22,"676
"
1236,35,"676
"
1237,36,"676
"
1238,38,"676
"
1239,32,"676
"
1240,35,"676
"
1241,33,"676
"
1242,39,"676
"
1243,33,"676
"
1244,38,"676
"
1245,35,"676
"
1246,32,"676
"
1247,33,"676
"
1248,33,"676
"
1249,33,"676
"
1250,41,"676
"
1251,31,"676
"
1252,31,"676
"
1253,31,"677
"
1254,38,"677
"
1255,35,"677
"
1256,36,"677
"
1257,27,"677
"
1258,38,"677
"
1259,36,"677
"
1260,37,"677
"
1261,28,"677
"
1262,34,"677
"
1263,37,"677
"
1264,33,"677
"
1265,31,"677
"
1266,35,"677
"
1267,29,"677
"
1268,30,"677
"
1269,35,"677
"
1270,37,"677
"
1271,33,"677
"
1272,36,"677
"
1273,26,"677
"
1274,32,"677
"
1275,28,"677
"
1276,37,"677
"
1277,33,"677
"
1278,34,"677
"
1279,32,"677
"
1280,28,"677
"
1281,35,"677
"
1282,31,"677
"
1283,31,"678
"
1284,34,"678
"
1285,36,"678
"
1286,34,"678
"
1287,36,"678
"
1288,39,"678
"
1289,32,"678
"
1290,25,"678
"
1291,33,"678
"
1292,26,"678
"
1293,31,"678
"
1294,32,"678
"
1295,24,"678
"
1296,33,"678
"
1297,30,"678
"
1298,26,"678
"
1299,27,"678
"
1300,33,"678
"
1301,37,"678
"
1302,29,"678
"
1303,33,"678
"
1304,34,"678
"
1305,32,"678
"
1306,30,"678
"
1307,34,"678
"
1308,37,"678
"
1309,36,"678
"
1310,33,"678
"
1311,35,"678
"
1312,27,"678
"
1313,39,"678
"
1314,34,"679
"
1315,29,"679
"
1316,39,"679
"
1317,26,"679
"
1317,475,"679
"
1318,28,"679
"
1319,34,"679
"
1320,39,"679
"
1321,34,"679
"
1319,161,"679
"
1318,45,"679
"
1318,37,"679
"
1317,43,"680
"
1317,35,"680
"
1314,128,"680
"
1314,44,"680
"
1314,39,"680
"
1314,30,"680
"
1314,28,"680
"
1311,128,"680
"
1311,42,"680
"
1311,25,"680
"
1311,39,"680
"
1311,30,"680
"
1308,123,"680
"
1308,42,"680
"
1308,34,"680
"
1308,26,"680
"
1309,126,"680
"
1310,25,"680
"
1311,23,"680
"
1312,23,"680
"
1313,23,"681
"
1314,21,"681
"
1315,21,"681
"
1316,21,"681
"
1317,26,"681
"
1318,23,"681
"
1319,22,"681
"
1320,23,"681
"
1321,24,"681
"
1322,20,"681
"
1323,21,"681
"
1324,25,"681
"
1325,23,"681
"
1326,24,"681
"
1327,22,"681
"
1328,23,"681
"
1329,21,"681
"
1330,22,"681
"
1331,23,"681
"
1332,24,"681
"
1333,23,"681
"
1334,23,"681
"
1335,23,"681
"
1336,21,"681
"
1337,24,"681
"
1338,25,"681
"
1339,24,"681
"
1340,23,"681
"
1341,22,"681
"
1342,22,"681
"
1343,21,"681
"
1344,24,"681
"
1345,24,"681
"
1346,23,"681
"
1347,23,"681
"
1348,24,"681
"
1349,20,"681
"
1350,21,"681
"
1351,24,"681
"
1352,24,"681
"
1353,23,"681
"
1354,23,"681
"
1355,23,"681
"
1356,21,"681
"
1357,22,"682
"
1358,26,"682
"
1359,23,"682
"
1360,23,"682
"
1361,23,"682
"
1362,35,"682
"
1363,34,"682
"
1364,29,"682
"
1365,37,"682
"
1366,27,"682
"
1367,24,"682
"
1368,31,"682
"
1369,27,"682
"
1370,39,"682
"
1371,30,"682
"
1372,31,"682
"
1373,36,"682
"
1374,33,"682
"
1375,26,"682
"
1376,25,"682
"
1377,30,"682
"
1378,27,"682
"
1379,37,"682
"
1380,24,"682
"
1381,33,"682
"
1382,36,"682
"
1383,27,"682
"
1384,31,"682
"
1385,31,"682
"
1386,35,"682
"
1387,28,"682
"
1388,29,"682
"
1389,25,"682
"
1390,22,"682
"
1391,34,"683
"
1392,26,"683
"
1393,38,"683
"
1394,34,"683
"
1395,28,"683
"
1396,34,"683
"
1397,26,"683
"
1398,31,"683
"
1399,26,"683
"
1400,37,"683
"
1401,34,"683
"
1402,37,"683
"
1403,26,"683
"
1404,29,"683
"
1405,35,"683
"
1406,28,"683
"
1407,40,"683
"
1408,26,"683
"
1409,35,"683
"
1410,35,"683
"
1411,35,"683
"
1412,28,"683
"
1413,30,"683
"
1414,32,"683
"
1415,39,"683
"
1416,27,"683
"
1417,34,"683
"
1418,30,"683
"
1418,37,"683
"
1419,32,"683
"
1420,23,"683
"
1421,28,"683
"
1422,25,"684
"
1422,31,"684
"
1422,41,"684
"
1421,44,"684
"
1420,45,"684
"
1420,45,"684
"
1420,37,"684
"
1420,41,"684
"
1420,34,"684
"
1420,32,"684
"
1419,37,"684
"
1419,44,"684
"
1418,40,"684
"
1418,47,"684
"
1418,33,"684
"
1418,34,"684
"
1417,32,"684
"
1417,44,"684
"
1417,30,"684
"
1417,37,"684
"
1417,40,"684
"
1417,33,"684
"
1417,37,"684
"
1417,31,"684
"
1416,37,"684
"
1416,44,"684
"
1415,42,"685
"
1415,42,"685
"
1415,39,"685
"
1415,33,"685
"
1415,39,"685
"
1416,33,"685
"
1417,32,"685
"
1418,37,"685
"
1419,35,"685
"
1420,36,"685
"
1421,33,"685
"
1422,38,"685
"
1423,31,"685
"
1424,32,"685
"
1425,30,"685
"
1426,26,"685
"
1427,34,"685
"
1428,26,"685
"
1429,39,"685
"
1430,37,"685
"
1431,25,"685
"
1432,33,"685
"
1433,30,"685
"
1434,34,"685
"
1435,32,"685
"
1436,39,"685
"
1437,33,"685
"
1438,35,"685
"
1439,39,"685
"
1440,33,"685
"
1441,38,"686
"
1442,31,"686
"
1443,32,"686
"
1444,39,"686
"
1445,37,"686
"
1446,30,"686
"
1447,34,"686
"
1448,37,"686
"
1449,29,"686
"
1450,32,"686
"
1451,32,"686
"
1452,34,"686
"
1453,35,"686
"
1454,37,"686
"
1455,34,"686
"
1456,34,"686
"
1457,35,"686
"
1458,25,"686
"
1459,30,"686
"
1460,28,"686
"
1461,38,"686
"
1462,36,"686
"
1463,34,"686
"
1464,31,"686
"
1465,27,"686
"
1466,29,"686
"
1467,30,"686
"
1468,33,"686
"
1469,33,"686
"
1470,33,"686
"
1471,35,"687
"
1472,30,"687
"
1473,30,"687
"
1474,32,"687
"
1475,27,"687
"
1476,37,"687
"
1477,37,"687
"
1478,37,"687
"
1479,29,"687
"
1480,33,"687
"
1481,28,"687
"
1482,33,"687
"
1483,33,"687
"
1484,26,"687
"
1485,35,"687
"
1486,31,"687
"
1487,35,"687
"
1488,36,"687
"
1489,31,"687
"
1490,30,"687
"
1491,28,"687
"
1492,37,"687
"
1493,35,"687
"
1494,37,"687
"
1495,29,"687
"
1496,24,"687
"
1497,38,"687
"
1498,38,"687
"
1499,28,"687
"
1500,31,"687
"
1501,24,"687
"
1502,35,"688
"
1503,24,"688
"
1504,41,"688
"
1505,35,"688
"
1506,29,"688
"
1507,30,"688
"
1508,27,"688
"
1509,36,"688
"
1510,29,"688
"
1511,40,"688
"
1512,27,"688
"
1513,27,"688
"
1514,30,"688
"
1515,33,"688
"
1516,30,"688
"
1517,27,"688
"
1518,34,"688
"
1519,29,"688
"
1520,30,"688
"
1521,30,"688
"
1522,36,"688
"
1523,30,"688
"
1524,36,"688
"
1525,37,"688
"
1526,25,"688
"
1527,33,"688
"
1528,28,"688
"
1529,27,"688
"
1530,39,"688
"
1531,31,"688
"
1532,29,"688
"
1533,37,"688
"
1534,38,"689
"
1535,28,"689
"
1536,37,"689
"
1537,36,"689
"
1538,32,"689
"
1539,31,"689
"
1540,37,"689
"
1541,33,"689
"
1542,39,"689
"
1542,35,"689
"
1543,41,"689
"
1544,32,"689
"
1545,37,"689
"
1545,30,"689
"
1545,41,"689
"
1545,43,"689
"
1544,39,"689
"
1544,44,"689
"
1543,38,"689
"
1543,48,"689
"
1542,41,"689
"
1542,37,"689
"
1542,38,"689
"
1541,40,"689
"
1541,46,"689
"
1541,45,"689
"
1540,41,"690
"
1540,41,"690
"
1539,35,"690
"
1540,46,"690
"
1541,38,"690
"
1542,27,"690
"
1543,40,"690
"
1544,30,"690
"
1545,32,"690
"
1546,40,"690
"
1546,34,"690
"
1545,45,"690
"
1545,48,"690
"
1544,30,"690
"
1544,49,"690
"
1544,43,"690
"
1545,41,"690
"
1546,34,"690
"
1546,28,"690
"
1545,36,"690
"
1545,40,"690
"
1545,30,"690
"
1545,41,"690
"
1545,44,"690
"
1546,31,"690
"
1547,38,"690
"
1548,31,"690
"
1548,27,"691
"
1547,41,"691
"
1547,40,"691
"
1547,42,"691
"
1546,41,"691
"
1546,40,"691
"
1545,42,"691
"
1545,49,"691
"
1544,39,"691
"
1544,41,"691
"
1543,32,"691
"
1543,46,"691
"
1543,41,"691
"
1542,40,"691
"
1542,45,"691
"
1542,36,"691
"
1541,43,"691
"
1540,48,"691
"
1540,46,"691
"
1540,41,"691
"
1540,30,"691
"
1539,45,"691
"
1539,46,"691
"
1538,40,"691
"
1537,43,"692
"
1537,43,"692
"
1537,41,"692
"
1537,35,"692
"
1537,38,"692
"
1536,41,"692
"
1536,41,"692
"
1536,40,"692
"
1535,41,"692
"
1534,45,"692
"
1534,48,"692
"
1534,30,"692
"
1533,43,"692
"
1533,47,"692
"
1532,35,"692
"
1532,45,"692
"
1532,29,"692
"
1531,38,"692
"
1531,40,"692
"
1530,45,"692
"
1529,46,"692
"
1529,37,"692
"
1528,43,"692
"
1528,45,"692
"
1528,40,"692
"
1527,39,"693
"
1527,42,"693
"
1527,40,"693
"
1526,41,"693
"
1525,47,"693
"
1525,44,"693
"
1524,30,"693
"
1524,48,"693
"
1523,36,"693
"
1523,43,"693
"
1522,30,"693
"
1522,42,"693
"
1522,43,"693
"
1521,37,"693
"
1521,48,"693
"
1520,31,"693
"
1520,46,"693
"
1520,32,"693
"
1520,34,"693
"
1519,34,"693
"
1519,34,"693
"
1519,34,"693
"
1519,36,"693
"
1519,43,"693
"
1518,40,"693
"
1518,45,"694
"
1517,39,"694
"
1517,39,"694
"
1517,41,"694
"
1516,34,"694
"
1516,41,"694
"
1515,42,"694
"
1514,46,"694
"
1514,47,"694
"
1513,42,"694
"
1512,48,"694
"
1512,48,"694
"
1511,39,"694
"
1511,32,"694
"
1510,38,"694
"
1510,43,"694
"
1509,36,"694
"
1509,39,"694
"
1508,44,"694
"
1508,43,"694
"
1508,31,"694
"
1508,36,"694
"
1507,38,"694
"
1507,40,"694
"
1506,42,"694
"
1506,37,"695
"
1506,35,"695
"
1505,40,"695
"
1505,45,"695
"
1504,43,"695
"
1504,38,"695
"
1504,37,"695
"
1503,42,"695
"
1503,45,"695
"
1502,42,"695
"
1502,38,"695
"
1502,35,"695
"
1502,37,"695
"
1502,30,"695
"
1502,30,"695
"
1501,40,"695
"
1501,31,"695
"
1501,47,"695
"
1501,42,"695
"
1500,37,"695
"
1500,47,"695
"
1500,35,"695
"
1499,39,"695
"
1499,43,"695
"
1499,41,"695
"
1498,37,"695
"
1498,40,"696
"
1498,39,"696
"
1498,37,"696
"
1498,31,"696
"
1497,46,"696
"
1496,44,"696
"
1496,46,"696
"
1496,39,"696
"
1495,33,"696
"
1495,45,"696
"
1495,39,"696
"
1495,39,"696
"
1494,35,"696
"
1494,45,"696
"
1494,38,"696
"
1494,40,"696
"
1493,31,"696
"
1493,37,"696
"
1493,34,"696
"
1493,30,"696
"
1493,35,"696
"
1493,34,"696
"
1493,35,"696
"
1492,42,"696
"
1492,43,"696
"
1492,28,"696
"
1492,41,"697
"
1491,39,"697
"
1491,47,"697
"
1490,39,"697
"
1490,45,"697
"
1490,37,"697
"
1489,38,"697
"
1489,46,"697
"
1489,39,"697
"
1488,40,"697
"
1488,45,"697
"
1488,35,"697
"
1487,45,"697
"
1487,46,"697
"
1486,44,"697
"
1486,40,"697
"
1486,32,"697
"
1486,45,"697
"
1485,42,"697
"
1485,41,"697
"
1484,39,"697
"
1484,39,"697
"
1484,40,"697
"
1483,40,"697
"
1483,43,"698
"
1482,41,"698
"
1482,40,"698
"
1481,44,"698
"
1480,50,"698
"
1480,41,"698
"
1480,41,"698
"
1480,29,"698
"
1479,39,"698
"
1479,48,"698
"
1479,33,"698
"
1479,38,"698
"
1479,36,"698
"
1478,41,"698
"
1478,41,"698
"
1478,33,"698
"
1478,37,"698
"
1478,33,"698
"
1478,39,"698
"
1478,35,"698
"
1477,33,"698
"
1477,42,"698
"
1477,29,"698
"
1476,47,"698
"
1476,43,"698
"
1476,39,"698
"
1476,30,"699
"
1476,47,"699
"
1476,42,"699
"
1475,37,"699
"
1475,36,"699
"
1461,498,"699
"
1459,93,"699
"
1459,51,"699
"
1459,42,"699
"
1458,37,"699
"
1458,41,"699
"
1458,41,"699
"
1458,40,"700
"
1458,36,"700
"
1457,43,"700
"
1457,32,"700
"
1457,44,"700
"
1457,35,"700
"
1457,33,"700
"
1457,45,"700
"
1456,40,"700
"
1456,49,"700
"
1456,40,"700
"
1456,31,"700
"
1455,40,"700
"
1455,48,"700
"
1455,42,"700
"
1454,39,"700
"
1454,38,"700
"
1454,42,"700
"
1454,41,"700
"
1453,39,"700
"
1453,45,"700
"
1453,34,"700
"
1453,42,"700
"
1453,38,"700
"
1453,34,"700
"
1452,43,"701
"
1452,42,"701
"
1452,36,"701
"
1452,39,"701
"
1451,34,"701
"
1451,47,"701
"
1451,43,"701
"
1451,38,"701
"
1451,41,"701
"
1450,38,"701
"
1450,44,"701
"
1450,37,"701
"
1449,37,"701
"
1449,45,"701
"
1449,31,"701
"
1449,34,"701
"
1449,33,"701
"
1449,31,"701
"
1448,45,"701
"
1448,43,"701
"
1448,30,"701
"
1448,40,"701
"
1448,39,"701
"
1448,37,"701
"
1447,42,"701
"
1447,36,"701
"
1447,42,"702
"
1447,41,"702
"
1447,39,"702
"
1447,36,"702
"
1446,39,"702
"
1446,46,"702
"
1445,42,"702
"
1445,39,"702
"
1445,41,"702
"
1445,43,"702
"
1444,44,"702
"
1444,39,"702
"
1444,31,"702
"
1444,40,"702
"
1444,35,"702
"
1444,42,"702
"
1443,42,"702
"
1443,43,"702
"
1443,44,"702
"
1443,35,"702
"
1442,39,"702
"
1442,48,"702
"
1441,39,"702
"
1441,44,"702
"
1441,38,"702
"
1441,36,"703
"
1441,37,"703
"
1440,31,"703
"
1440,45,"703
"
1439,45,"703
"
1439,33,"703
"
1439,48,"703
"
1439,40,"703
"
1438,35,"703
"
1438,48,"703
"
1438,32,"703
"
1438,37,"703
"
1438,38,"703
"
1438,34,"703
"
1438,35,"703
"
1437,41,"703
"
1437,43,"703
"
1437,40,"703
"
1437,38,"703
"
1437,39,"703
"
1437,38,"703
"
1436,41,"703
"
1436,31,"703
"
1436,34,"703
"
1436,36,"703
"
1436,40,"703
"
1436,39,"704
"
1435,36,"704
"
1435,43,"704
"
1435,30,"704
"
1435,43,"704
"
1435,45,"704
"
1435,38,"704
"
1435,35,"704
"
1434,38,"704
"
1434,48,"704
"
1434,41,"704
"
1434,35,"704
"
1434,42,"704
"
1434,35,"704
"
1433,46,"704
"
1433,42,"704
"
1433,30,"704
"
1433,36,"704
"
1433,43,"704
"
1433,35,"704
"
1432,42,"704
"
1432,42,"704
"
1432,34,"704
"
1432,41,"704
"
1432,32,"704
"
1432,35,"704
"
1432,38,"705
"
1432,38,"705
"
1432,39,"705
"
1431,37,"705
"
1431,46,"705
"
1431,35,"705
"
1431,38,"705
"
1431,40,"705
"
1431,36,"705
"
1431,29,"705
"
1431,41,"705
"
1430,39,"705
"
1430,45,"705
"
1430,36,"705
"
1430,33,"705
"
1430,34,"705
"
1430,31,"705
"
1430,32,"705
"
1430,36,"705
"
1429,41,"705
"
1429,40,"705
"
1429,41,"705
"
1429,30,"705
"
1429,33,"705
"
1429,44,"705
"
1429,40,"705
"
1429,42,"705
"
1429,37,"706
"
1428,41,"706
"
1428,49,"706
"
1428,41,"706
"
1428,40,"706
"
1427,38,"706
"
1427,36,"706
"
1427,42,"706
"
1427,34,"706
"
1427,36,"706
"
1427,44,"706
"
1426,36,"706
"
1426,48,"706
"
1426,35,"706
"
1426,34,"706
"
1426,43,"706
"
1426,41,"706
"
1426,38,"706
"
1425,42,"706
"
1425,40,"706
"
1425,39,"706
"
1425,46,"706
"
1425,36,"706
"
1425,41,"706
"
1424,35,"706
"
1424,42,"707
"
1424,41,"707
"
1423,36,"707
"
1423,43,"707
"
1422,46,"707
"
1422,34,"707
"
1422,46,"707
"
1422,36,"707
"
1421,39,"707
"
1421,49,"707
"
1421,38,"707
"
1421,31,"707
"
1421,33,"707
"
1421,41,"707
"
1421,34,"707
"
1421,33,"707
"
1420,34,"707
"
1420,48,"707
"
1420,31,"707
"
1420,39,"707
"
1420,43,"707
"
1420,41,"707
"
1420,36,"707
"
1419,37,"707
"
1419,43,"707
"
1419,41,"708
"
1419,40,"708
"
1418,39,"708
"
1418,39,"708
"
1418,43,"708
"
1417,41,"708
"
1417,45,"708
"
1417,33,"708
"
1416,42,"708
"
1416,48,"708
"
1416,39,"708
"
1416,38,"708
"
1415,43,"708
"
1415,40,"708
"
1415,36,"708
"
1415,34,"708
"
1415,33,"708
"
1415,37,"708
"
1415,30,"708
"
1415,36,"708
"
1415,40,"708
"
1415,36,"708
"
1415,39,"708
"
1415,37,"708
"
1415,38,"708
"
1415,32,"708
"
1415,36,"708
"
1415,35,"709
"
1414,41,"709
"
1414,47,"709
"
1414,36,"709
"
1413,45,"709
"
1413,46,"709
"
1412,39,"709
"
1412,42,"709
"
1412,38,"709
"
1412,36,"709
"
1411,44,"709
"
1411,46,"709
"
1411,36,"709
"
1411,29,"709
"
1410,38,"709
"
1410,50,"709
"
1410,39,"709
"
1410,38,"709
"
1409,40,"709
"
1409,45,"709
"
1409,31,"709
"
1409,39,"709
"
1409,37,"709
"
1409,38,"709
"
1408,43,"709
"
1408,40,"710
"
1408,36,"710
"
1408,39,"710
"
1408,37,"710
"
1408,35,"710
"
1408,34,"710
"
1408,42,"710
"
1408,36,"710
"
1408,35,"710
"
1407,35,"710
"
1407,42,"710
"
1407,39,"710
"
1407,35,"710
"
1406,41,"710
"
1406,43,"710
"
1406,40,"710
"
1406,39,"710
"
1405,38,"710
"
1405,37,"710
"
1405,33,"710
"
1405,36,"710
"
1405,41,"710
"
1405,42,"710
"
1405,41,"710
"
1404,40,"710
"
1404,39,"710
"
1404,41,"711
"
1404,38,"711
"
1404,38,"711
"
1404,38,"711
"
1403,42,"711
"
1403,50,"711
"
1403,40,"711
"
1403,39,"711
"
1403,35,"711
"
1402,37,"711
"
1402,47,"711
"
1402,33,"711
"
1402,36,"711
"
1401,42,"711
"
1401,38,"711
"
1401,33,"711
"
1401,30,"711
"
1401,34,"711
"
1401,36,"711
"
1401,40,"711
"
1401,38,"711
"
1400,42,"711
"
1400,39,"711
"
1400,36,"711
"
1400,43,"711
"
1400,40,"711
"
1400,41,"712
"
1399,39,"712
"
1399,40,"712
"
1399,30,"712
"
1399,41,"712
"
1399,34,"712
"
1399,40,"712
"
1399,37,"712
"
1399,33,"712
"
1398,43,"712
"
1398,39,"712
"
1398,31,"712
"
1398,46,"712
"
1397,34,"712
"
1397,48,"712
"
1397,30,"712
"
1397,34,"712
"
1397,41,"712
"
1397,39,"712
"
1397,36,"712
"
1396,41,"712
"
1396,42,"712
"
1396,40,"712
"
1396,42,"712
"
1396,36,"712
"
1396,39,"712
"
1395,39,"713
"
1395,42,"713
"
1395,38,"713
"
1395,31,"713
"
1394,41,"713
"
1394,41,"713
"
1394,39,"713
"
1394,41,"713
"
1393,35,"713
"
1393,45,"713
"
1393,38,"713
"
1393,34,"713
"
1393,43,"713
"
1393,36,"713
"
1393,34,"713
"
1393,34,"713
"
1393,32,"713
"
1393,33,"713
"
1393,30,"713
"
1392,34,"713
"
1392,45,"713
"
1392,32,"713
"
1392,31,"713
"
1391,44,"713
"
1391,35,"713
"
1391,40,"713
"
1391,44,"713
"
1391,41,"714
"
1391,39,"714
"
1391,41,"714
"
1390,40,"714
"
1390,43,"714
"
1390,39,"714
"
1390,30,"714
"
1389,45,"714
"
1389,42,"714
"
1389,40,"714
"
1389,39,"714
"
1389,33,"714
"
1389,38,"714
"
1388,37,"714
"
1388,39,"714
"
1388,43,"714
"
1387,42,"714
"
1387,48,"714
"
1387,40,"714
"
1387,39,"714
"
1386,38,"714
"
1386,39,"714
"
1386,41,"714
"
1386,39,"714
"
1386,38,"714
"
1386,35,"715
"
1386,34,"715
"
1385,40,"715
"
1385,40,"715
"
1385,41,"715
"
1385,41,"715
"
1385,37,"715
"
1384,30,"715
"
1384,42,"715
"
1384,836743,"1552
"
1384,23,"1552
"
1384,35,"1552
"
1384,40,"1552
"
1384,35,"1552
"
